word,level
action,1
activity,1
actor,1
add,1
aeroplane,1
afraid,1
afternoon,1
again,1
age,1
ago,1
agree,1
airplane,1
airport,1
album,1
all right,1
almost,1
already,1
also,1
always,1
an,1
and,1
angry,1
animal,1
answer,1
any,1
anybody,1
anyone,1
anything,1
apple,1
April,1
apron,1
are,1
arrive,1
art,1
article,1
ask,1
at,1
August,1
aunt,1
autumn,1
awake,1
away,1
baby,1
bad,1
bag,1
ball,1
banana,1
band,1
baseball,1
basketball,1
bath,1
bathroom,1
be,1
beach,1
bean,1
beautiful,1
because,1
become,1
bed,1
bedroom,1
bee,1
beef,1
begin,1
believe,1
bell,1
below,1
beside,1
best,1
between,1
bicycle,1
big,1
bike,1
bird,1
birth,1
birthday,1
biscuit,1
black,1
blank,1
blue,1
boat,1
body,1
bone,1
bookstore,1
boring,1
borrow,1
both,1
bottom,1
box,1
boy,1
boyfriend,1
brain,1
bread,1
breakfast,1
breathe,1
bridge,1
bright,1
bring,1
broken,1
brother,1
brush,1
bucket,1
build,1
building,1
burger,1
bus,1
business,1
busy,1
butter,1
butterfly,1
button,1
buy,1
by,1
bye,1
cafe,1
café,1
cake,1
camera,1
candy,1
cap,1
car,1
card,1
careful,1
carefully,1
carry,1
cartoon,1
case,1
cat,1
catch,1
CD,1
CD player,1
celebrate,1
celebration,1
chair,1
change,1
character,1
cheese,1
chicken,1
child,1
chocolate,1
choose,1
church,1
cinema,1
city,1
classmate,1
classroom,1
clean,1
clever,1
clock,1
close,1
closed,1
cloth,1
clothes,1
cloud,1
cloudy,1
club,1
coat,1
code,1
coffee,1
coke,1
cold,1
collect,1
collection,1
college,1
color,1
colour,1
come,1
computer,1
concert,1
conversation,1
cook,1
cookie,1
cop,1
corn,1
corner,1
couch,1
could,1
course,1
cousin,1
cow,1
credit card,1
culture,1
cup,1
cute,1
dad,1
daddy,1
dance,1
dancing,1
dark,1
daughter,1
day,1
December,1
delicious,1
describe,1
desk,1
dictionary,1
did,1
difference,1
different,1
difficult,1
dining room,1
dinner,1
dirty,1
discuss,1
dish,1
do,1
doctor,1
does,1
dog,1
doing,1
doll,1
dollar,1
door,1
Dr,1
Dr.,1
drama,1
drink,1
driver,1
drum,1
due,1
DVD,1
e-mail,1
E-mail,1
each,1
each other,1
ear,1
easy,1
eat,1
egg,1
eight,1
eighteen,1
eighty,1
elementary,1
eleven,1
else,1
enjoy,1
evening,1
event,1
every,1
everybody,1
everyday,1
everyone,1
everything,1
everywhere,1
example,1
excellent,1
excited,1
exciting,1
expensive,1
eye,1
factory,1
fairy,1
false,1
family,1
famous,1
fan,1
farm,1
farmer,1
fast,1
father,1
favorite,1
favourite,1
February,1
feeling,1
festival,1
fever,1
field,1
fifteen,1
fifty,1
fill,1
find,1
finish,1
first,1
fishing,1
five,1
flag,1
floor,1
flower,1
fly,1
foggy,1
food,1
football,1
foreign,1
foreigner,1
forget,1
forty,1
four,1
fourteen,1
Friday,1
friend,1
frog,1
from,1
fruit,1
full,1
fun,1
funny,1
game,1
garbage,1
garden,1
get,1
ghost,1
gift,1
girl,1
girlfriend,1
give,1
glad,1
glass,1
glasses,1
goal,1
good afternoon,1
good morning,1
good night,1
grammar,1
grandfather,1
grandma,1
grandmother,1
grandpa,1
grandparent,1
grape,1
grass,1
gray,1
great,1
greet,1
grey,1
grow,1
guest,1
guitar,1
guy,1
habit,1
had,1
hair,1
haircut,1
hall,1
hamburger,1
handsome,1
happen,1
happy,1
hard,1
has,1
hat,1
have,1
have to,1
he,1
headache,1
health,1
healthy,1
hear,1
heart,1
heavy,1
hello,1
her,1
here,1
hers,1
hi,1
hide,1
hill,1
him,1
his,1
history,1
hobby,1
hole,1
holiday,1
hometown,1
homework,1
horse,1
hospital,1
hot,1
hotel,1
hour,1
how,1
hungry,1
husband,1
I,1
ice,1
ice cream,1
idea,1
ideal,1
if,1
imagine,1
important,1
information,1
interested,1
interesting,1
Internet,1
internet,1
interviewer,1
into,1
introduce,1
is,1
island,1
,
item,1
its,1
jacket,1
January,1
jeans,1
jet,1
jewellery,1
jewelry,1
job,1
join,1
juice,1
July,1
June,1
just,1
keep,1
key,1
kick,1
kill,1
king,1
kitchen,1
kite,1
knee,1
knife,1
know,1
lady,1
language,1
large,1
last name,1
late,1
lazy,1
leader,1
leaf,1
learn,1
leg,1
lesson,1
let,1
letter,1
library,1
life,1
lily,1
lion,1
listen,1
living room,1
lonely,1
look,1
love,1
lovely,1
luck,1
lucky,1
lunch,1
machine,1
magazine,1
many,1
map,1
March,1
math,1
maths,1
may,1
May,1
maybe,1
me,1
meal,1
meat,1
medicine,1
meet,1
meeting,1
memory,1
merry,1
message,1
milk,1
minute,1
Miss,1
miss,1
mobile phone,1
mom,1
moment,1
mommie,1
mommy,1
Monday,1
money,1
monkey,1
month,1
moon,1
morning,1
mother,1
mountain,1
mouse,1
mouth,1
movie,1
Mr,1
Mr.,1
Mrs,1
Mrs.,1
much,1
mum,1
music,1
musician,1
must,1
my,1
nationality,1
neck,1
neighbor,1
neighbour,1
never,1
new,1
news,1
newspaper,1
nice,1
night,1
nine,1
nineteen,1
ninety,1
no,1
noise,1
nose,1
not,1
note,1
notebook,1
nothing,1
November,1
number,1
o'clock,1
October,1
,
office,1
officer,1
often,1
OK,1
okay,1
old,1
Olympics,1
only,1
open,1
opera,1
or,1
orange,1
our,1
ours,1
out,1
owner,1
,
,
page,1
paint,1
painting,1
pair,1
palace,1
pants,1
paper,1
paragraph,1
parent,1
partner,1
party,1
pay,1
peace,1
pen,1
pencil,1
people,1
period,1
person,1
personal,1
pet,1
phone,1
photo,1
piano,1
picnic,1
piece,1
pig,1
pizza,1
play,1
player,1
pleasure,1
pm,1
PM,1
pocket,1
poem,1
pollution,1
pool,1
poor,1
poster,1
potato,1
practice,1
practise,1
pray,1
prince,1
princess,1
problem,1
put,1
quarter,1
quickly,1
rabbit,1
radio,1
rain,1
rainy,1
rat,1
read,1
reader,1
reading,1
ready,1
real,1
really,1
reason,1
remember,1
repeat,1
reporter,1
restaurant,1
ribbon,1
rice,1
ride,1
river,1
role,1
rose,1
rude,1
ruler,1
run,1
sad,1
sailor,1
salad,1
sale,1
same,1
sandwich,1
Saturday,1
save,1
school,1
science,1
scientist,1
sea,1
seat,1
section,1
see,1
self,1
sell,1
September,1
seven,1
seventeen,1
seventy,1
she,1
sheep,1
shelf,1
shirt,1
shoe,1
shopping,1
should,1
shoulder,1
shy,1
sick,1
side,1
sight,1
sing,1
singer,1
sir,1
sister,1
sit,1
site,1
six,1
sixteen,1
sixty,1
size,1
skill,1
skirt,1
sky,1
small,1
smart,1
smith,1
smoking,1
snake,1
snowy,1
soccer,1
social,1
sofa,1
solve,1
some,1
someone,1
something,1
son,1
song,1
soon,1
sorry,1
soup,1
speak,1
special,1
speech,1
spend,1
sport,1
spring,1
spy,1
stage,1
start,1
station,1
stone,1
stop,1
story,1
strange,1
street,1
strict,1
strong,1
student,1
subject,1
subway,1
successful,1
sugar,1
suggestion,1
sum,1
summer,1
sun,1
Sunday,1
sunny,1
sunshine,1
super,1
supermarket,1
survey,1
swim,1
swimming,1
swimming pool,1
T-shirt,1
table,1
tall,1
taxi,1
tea,1
teach,1
teacher,1
team,1
technology,1
tee-shirt,1
television,1
tell,1
temple,1
ten,1
tennis,1
terrible,1
than,1
thank,1
thanks,1
the,1
theater,1
theatre,1
their,1
them,1
then,1
there,1
these,1
they,1
thick,1
thin,1
thing,1
think,1
thirteen,1
thirty,1
this,1
those,1
three,1
Thursday,1
ticket,1
tiger,1
tired,1
to,1
today,1
together,1
toilet,1
tomato,1
tomorrow,1
too,1
tool,1
tooth,1
topic,1
towel,1
tower,1
town,1
toy,1
tree,1
trousers,1
truck,1
true,1
tube,1
Tuesday,1
turkey,1
turn,1
TV,1
twelve,1
twenty,1
two,1
ugly,1
umbrella,1
uncle,1
under,1
us,1
usually,1
vacation,1
vase,1
vegetable,1
video,1
visit,1
volleyball,1
waiter,1
waitress,1
walk,1
wall,1
war,1
was,1
wash,1
watch,1
way,1
we,1
wear,1
weather,1
Wednesday,1
week,1
weekend,1
well,1
were,1
what,1
wheel,1
when,1
where,1
which,1
white,1
who,1
whose,1
why,1
wife,1
window,1
winter,1
with,1
woman,1
wonderful,1
word,1
work,1
worker,1
world,1
would,1
write,1
writer,1
yard,1
year,1
yellow,1
yes,1
yesterday,1
yoghurt,1
yogurt,1
you,1
young,1
your,1
yours,1
yourself,1
zoo,1
ability,2
abroad,2
accept,2
acceptable,2
accident,2
achieve,2
across,2
actually,2
addition,2
additional,2
adjective,2
adjust,2
admire,2
admit,2
adult,2
advanced,2
advantage,2
adventure,2
advertisement,2
advertising,2
advice,2
advise,2
affair,2
against,2
aged,2
agent,2
ahead,2
air,2
aisle,2
alarm clock,2
alive,2
all,2
allow,2
alone,2
along,2
alright,2
although,2
ambition,2
among,2
amused,2
amusement,2
ancestor,2
ancient,2
angel,2
angrily,2
ankle,2
anniversary,2
annoy,2
annoying,2
another,2
anxious,2
anymore,2
anyway,2
anywhere,2
apart,2
apartment,2
apologise,2
apologize,2
apparently,2
appear,2
appearance,2
apply,2
appointment,2
appreciate,2
appropriate,2
architecture,2
area,2
argue,2
argument,2
armchair,2
armed,2
around,2
artificial,2
as,2
asleep,2
association,2
astronaut,2
athlete,2
atom,2
attack,2
attention,2
attitude,2
attractive,2
audience,2
audio,2
author,2
average,2
avoid,2
awful,2
background,2
badly,2
badminton,2
bake,2
balcony,2
balloon,2
bank,2
banking,2
barber,2
basic,2
basically,2
basket,2
batch,2
bay,2
bear,2
beauty,2
been,2
beer,2
before,2
beg,2
beginner,2
beginning,2
behavior,2
behaviour,2
being,2
belly,2
belong,2
belt,2
bench,2
better,2
beyond,2
bit,2
blackboard,2
blanket,2
blonde,2
blood,2
blow,2
board game,2
boil,2
boiled,2
bonus,2
bookcase,2
bookshelf,2
bookshop,2
bored,2
boss,2
bra,2
brainstorm,2
brand,2
brave,2
break,2
breeze,2
bride,2
brilliant,2
brown,2
bug,2
bulb,2
bury,2
bus station,2
bus stop,2
bush,2
businessman,2
businesswoman,2
cab,2
cafeteria,2
calendar,2
call,2
camp,2
camping,2
campus,2
can,2
capital,2
capital letter,2
captain,2
car park,2
carrot,2
cash,2
cassette,2
castle,2
cent,2
center,2
centimeter,2
centimetre,2
centre,2
century,2
cereal,2
certain,2
certainly,2
chain,2
chairman,2
champagne,2
championship,2
chance,2
chapter,2
cheap,2
check,2
cheek,2
cheer,2
chef,2
cheque,2
chess,2
chest,2
childhood,2
chili,2
chilli,2
chimpanzee,2
chin,2
chirp,2
choice,2
cigarette,2
citizen,2
classical music,2
cleaner,2
clearly,2
clerk,2
climb,2
climbing,2
clone,2
clown,2
clue,2
coin,2
cola,2
colorful,2
colourful,2
column,2
comfortable,2
comic,2
commitment,2
committee,2
common,2
communicate,2
communication,2
company,2
comparative,2
compare,2
competition,2
complain,2
complaint,2
composer,2
concentrate,2
confident,2
confuse,2
confused,2
consequence,2
consider,2
consist,2
contact,2
container,2
context,2
continent,2
continue,2
contrast,2
convenience,2
convenient,2
cooker,2
cooking,2
cooler,2
copy,2
correctly,2
cost,2
country,2
countryside,2
couple,2
court,2
cover,2
crazy,2
cream,2
create,2
creative,2
creativity,2
creature,2
credit,2
cricket,2
crime,2
crisp,2
criticise,2
criticize,2
cross,2
crowd,2
crowded,2
crown,2
cry,2
cupboard,2
curry,2
curse,2
custom,2
customer,2
cycling,2
daily,2
dam,2
dancer,2
danger,2
dangerous,2
daylight,2
dead,2
death,2
debate,2
decide,2
deeply,2
degree,2
dentist,2
department store,2
depend,2
description,2
dessert,2
destroy,2
detail,2
develop,2
developed,2
diamond,2
diary,2
die,2
diet,2
differently,2
difficulty,2
digital camera,2
dinosaur,2
direction,2
director,2
disadvantage,2
disagree,2
disappear,2
disappointed,2
disappointing,2
disco,2
discover,2
discussion,2
dishonest,2
disturb,2
dizzy,2
done,2
downtown,2
draw,2
drawer,2
drawing,2
dream,2
dress,2
dressed,2
driver's license,2
driving licence,2
drop,2
drug,2
drugstore,2
dry,2
duck,2
during,2
dust,2
early,2
earn,2
earring,2
earth,2
earthquake,2
easily,2
east,2
editor,2
education,2
educational,2
effect,2
effort,2
elderly,2
electric,2
elephant,2
elevator,2
elsewhere,2
email,2
embarrassing,2
emergency,2
empty,2
encourage,2
end,2
endangered,2
ending,2
energetic,2
enormous,2
enough,2
enter,2
entertainment,2
entrance,2
envelope,2
episode,2
error,2
escalator,2
especially,2
essay,2
establish,2
euro,2
ever,2
evidence,2
exactly,2
exam,2
except,2
exercise,2
exhibition,2
exist,2
expect,2
explain,2
explanation,2
explore,2
expression,2
extremely,2
face,2
fact,2
fail,2
fairly,2
familiar,2
fantastic,2
fare,2
fascinating,2
fashion,2
fast food,2
fault,2
favor,2
favour,2
feather,2
fee,2
feel,2
fence,2
fiction,2
fighter,2
figure,2
final,2
finally,2
first name,2
fisherman,2
flea,2
flight,2
flour,2
fog,2
folder,2
follow,2
footballer,2
for,2
forbid,2
forest,2
forever,2
fork,2
fortunately,2
fortune,2
forward,2
frank,2
freedom,2
freeze,2
fresh,2
fridge,2
fried,2
friendship,2
frighten,2
frightened,2
frightening,2
front,2
fully,2
furniture,2
gallery,2
garage,2
garlic,2
gas,2
gate,2
gather,2
gender,2
generation,2
gentle,2
given,2
globe,2
glove,2
gold,2
golden,2
golf,2
good-looking,2
government,2
grace,2
gradually,2
gram,2
gramme,2
grandchild,2
granddad,2
granddaughter,2
grandson,2
granny,2
grateful,2
greatly,2
greedy,2
green,2
grilled,2
grocery store,2
guidebook,2
gun,2
half-price,2
ham,2
hand,2
handbag,2
handicapped,2
happily,2
happiness,2
hardly,2
harmful,2
harmony,2
head,2
headphone,2
headteacher,2
heating,2
heavily,2
help,2
helpful,2
hero,2
herself,2
hey,2
high,2
high school,2
highway,2
hike,2
hiking,2
himself,2
hip hop,2
hip-hop,2
hiphop,2
hockey,2
hold,2
home,2
honey,2
horror,2
host,2
however,2
hundred,2
hunter,2
hurry,2
ID,2
ID card,2
ill,2
illegal,2
image,2
imagination,2
impact,2
impatient,2
importance,2
importantly,2
impossible,2
impress,2
improve,2
in,2
include,2
indeed,2
independence,2
indicate,2
indoor,2
inexpensive,2
injure,2
inner,2
insect,2
inspiration,2
instant,2
instead,2
instrument,2
intelligence,2
intelligent,2
international,2
invade,2
invent,2
invention,2
invite,2
IT,2
itself,2
jelly,2
journey,2
joy,2
junior,2
junk,2
killer,2
kilo,2
kilogram,2
kilogramme,2
kilometer,2
kilometre,2
kind,2
kingdom,2
kit,2
knowledge,2
labor,2
labour,2
lake,2
lamp,2
lane,2
latest,2
law,2
lawyer,2
laziness,2
learner,2
leather,2
left,2
left-hand,2
leisure,2
lemon,2
lemonade,2
lend,2
less,2
liberty,2
licence,2
license,2
lifestyle,2
likely,2
lip,2
liter,2
litre,2
lively,2
local,2
logical,2
long,2
loose,2
lose,2
lost,2
lot,2
loudly,2
lover,2
low,2
luckily,2
lunchtime,2
lyric,2
mad,2
magic,2
main course,2
mainly,2
make-up,2
maker,2
mall,2
manage,2
manager,2
manner,2
mark,2
married,2
marry,2
marvellous,2
marvelous,2
material,2
matter,2
max,2
meaning,2
medal,2
medical,2
melon,2
member,2
menu,2
metal,2
meter,2
method,2
metre,2
midday,2
middle,2
midnight,2
might,2
military,2
million,2
mind,2
mineral water,2
mirror,2
missing,2
mistake,2
mobile,2
modern,2
mood,2
mosque,2
most,2
mostly,2
motorway,2
move,2
MP3 player,2
Ms,2
Ms.,2
mug,2
museum,2
mushroom,2
myself,2
mysterious,2
mystery,2
napkin,2
nation,2
national,2
native,2
natural,2
nearly,2
necessary,2
negative,2
nervous,2
next to,2
no one,2
nobody,2
noisy,2
noon,2
normal,2
north,2
noun,2
novel,2
nowadays,2
oak,2
occupation,2
offer,2
oil,2
olive oil,2
Olympic,2
omelet,2
omelette,2
on,2
one,2
onion,2
online,2
operate,2
opinion,2
opportunity,2
oppose,2
order,2
organise,2
organised,2
organize,2
organized,2
other,2
ourselves,2
out of,2
oven,2
over,2
overweight,2
pacific,2
pack,2
painter,2
pal,2
pan,2
park,2
partly,2
pass,2
passage,2
passenger,2
pasta,2
path,2
PC,2
pea,2
peaceful,2
pear,2
pen friend,2
pence,2
penfriend,2
pepper,2
perfectly,2
perform,2
performance,2
perfume,2
perhaps,2
permission,2
personality,2
petrol,2
petrol station,2
photographer,2
photography,2
physical,2
physically,2
pile,2
pilgrim,2
pill,2
pilot,2
pink,2
pity,2
planet,2
plate,2
playful,2
playground,2
pleasant,2
pleased,2
pleasing,2
plural,2
point,2
police,2
police officer,2
police station,2
policeman,2
policewoman,2
polite,2
political,2
pollute,2
popular,2
population,2
portrait,2
position,2
possible,2
possibly,2
post,2
post office,2
pour,2
power,2
powerful,2
precise,2
predict,2
prediction,2
prefer,2
prepare,2
pressure,2
pretty,2
prevent,2
pride,2
printer,2
private,2
pro,2
probably,2
produce,2
product,2
production,2
progressive,2
pronounce,2
pronunciation,2
proper,2
provide,2
psychologist,2
publish,2
pull,2
punctuation,2
purple,2
purpose,2
pursue,2
queen,2
quick,2
quietly,2
quite,2
quiz,2
racket,2
raincoat,2
raise,2
rather,2
rating,2
raw,2
ray,2
realise,2
realize,2
receipt,2
receive,2
recent,2
recently,2
receptionist,2
recycle,2
red,2
refer,2
reflect,2
refrigerator,2
regular,2
regularly,2
relax,2
relaxed,2
remain,2
remind,2
remote,2
rent,2
repair,2
replace,2
represent,2
response,2
retire,2
retired,2
return,2
reunion,2
reveal,2
rhythm,2
right,2
right-hand,2
ring,2
road,2
rob,2
robbery,2
robin,2
romance,2
romantic,2
roof,2
root,2
rope,2
roughly,2
roundabout,2
royal,2
rugby,2
rumor,2
rumour,2
runner,2
running,2
sadly,2
safe,2
sailing,2
sake,2
salt,2
sample,2
sandy,2
satisfy,2
sauce,2
sausage,2
scale,2
scarf,2
scene,2
scenery,2
schoolchild,2
schoolwork,2
scientific,2
scissors,2
script,2
seafood,2
seaside,2
secretary,2
seed,2
seek,2
seem,2
semester,2
send,2
senior,2
seriously,2
serve,2
set,2
several,2
sew,2
shade,2
shall,2
shampoo,2
share,2
shine,2
shoot,2
shop assistant,2
shore,2
short,2
shorts,2
shot,2
show,2
sightseeing,2
significant,2
silence,2
silently,2
silly,2
silver,2
similar,2
simple,2
simply,2
singing,2
singular,2
sitting room,2
situation,2
skateboarding,2
skating,2
skiing,2
slave,2
sleepless,2
sleepy,2
slim,2
slowly,2
smoke,2
smooth,2
smoothly,2
snack,2
snow,2
snowboarding,2
so,2
soap,2
society,2
sock,2
soda,2
soft,2
soft drink,2
softly,2
software,2
soldier,2
solution,2
somebody,2
someday,2
somewhere,2
source,2
south,2
space,2
spaceship,2
spaghetti,2
speaker,2
specific,2
spell,2
spill,2
spoon,2
sports center,2
sports centre,2
square,2
stadium,2
staff,2
stair,2
stand,2
statement,2
statue,2
steak,2
steal,2
step,2
still,2
stomach,2
stomachache,2
storm,2
stove,2
straight,2
stranger,2
strategy,2
strength,2
string,2
strongly,2
structure,2
study,2
style,2
success,2
successfully,2
such,2
sudden,2
suggest,2
suit,2
suitable,2
suitcase,2
summary,2
sunflower,2
sunglasses,2
sunlight,2
superlative,2
superstar,2
supper,2
sure,2
surf,2
surfing,2
surname,2
surprised,2
surprising,2
survive,2
swallow,2
sweater,2
sweet,2
sweetheart,2
swimming costume,2
swimsuit,2
symbol,2
symphony,2
system,2
table tennis,2
tablespoon,2
talent,2
target,2
task,2
teenage,2
teenager,2
telephone,2
temperature,2
terrify,2
text,2
text message,2
textbook,2
theirs,2
themselves,2
therefore,2
thief,2
third,2
thirsty,2
thought,2
thousand,2
throw,2
thunderstorm,2
tidy,2
tights,2
timetable,2
title,2
toast,2
toe,2
tonight,2
toothache,2
toothbrush,2
tour guide,2
tourist,2
toward,2
towards,2
tradition,2
traditional,2
traffic,2
traffic light,2
train,2
training,2
tram,2
trap,2
travel,2
traveler,2
traveller,2
treasure,2
truly,2
truth,2
try,2
twice,2
uncertain,2
uncomfortable,2
understand,2
uneasy,2
unfair,2
unforgettable,2
unfortunately,2
unhappy,2
unhealthy,2
uniform,2
unimportant,2
unit,2
university,2
unknown,2
unnecessary,2
unpleasant,2
unusual,2
up,2
upon,2
use,2
used,2
useful,2
usual,2
valley,2
verb,2
video game,2
village,2
violent,2
violin,2
visitor,2
vocabulary,2
walking,2
wallet,2
wander,2
washing machine,2
washing-up,2
weak,2
wealth,2
web,2
web page,2
website,2
wedding,2
weekday,2
weekly,2
weep,2
weigh,2
weight,2
well-known,2
west,2
wet,2
wheelchair,2
whom,2
wide,2
widely,2
wild,2
windy,2
wine,2
winner,2
wisdom,2
wise,2
wish,2
within,2
without,2
wood,2
wooden,2
wool,2
worried,2
worry,2
writing,2
wrong,2
yeah,2
youth,2
zone,2
abandon,3
able,3
abnormal,3
aborigine,3
above,3
absence,3
absent,3
absolutely,3
absorb,3
abstract,3
academic,3
academy,3
accent,3
acceptance,3
accessible,3
accessory,3
accidental,3
accidentally,3
accompany,3
accomplish,3
according to,3
account,3
accountant,3
accuracy,3
accurate,3
accurately,3
accuse,3
accustom,3
achievement,3
acknowledge,3
acknowledgement,3
acknowledgment,3
acquaintance,3
acquire,3
act,3
active,3
actress,3
ad,3
adapt,3
address,3
addressee,3
administration,3
admiration,3
admission,3
adopt,3
adorable,3
adverb,3
adverbial,3
advert,3
advertise,3
adviser,3
advisor,3
aerobics,3
affect,3
affection,3
afford,3
after,3
afterward,3
afterwards,3
agenda,3
aggressive,3
agreement,3
agricultural,3
agriculture,3
aid,3
air conditioning,3
air force,3
airline,3
alarm,3
alcohol,3
alike,3
allergic,3
allowance,3
aloud,3
alphabet,3
alternative,3
altogether,3
amazed,3
amazing,3
ambitious,3
ambulance,3
amount,3
amusing,3
analyse,3
analysis,3
analyze,3
anger,3
animated,3
animation,3
announce,3
announcement,3
annoyance,3
annoyed,3
annual,3
annually,3
ant,3
anti,3
antonym,3
anxiety,3
anxiously,3
anyhow,3
ape,3
apology,3
apparent,3
appetite,3
applaud,3
applause,3
application,3
appoint,3
appreciation,3
approval,3
approve,3
approximately,3
architect,3
arise,3
arithmetic,3
arm,3
army,3
arrange,3
arrangement,3
arrest,3
arrival,3
arrow,3
artist,3
artistic,3
ashamed,3
aside,3
aspect,3
aspirin,3
assign,3
assignment,3
assist,3
assistance,3
assistant,3
associate,3
assume,3
astronomer,3
athletic,3
Atlantic,3
atmosphere,3
atomic,3
attach,3
attachment,3
attain,3
attempt,3
attend,3
attract,3
attraction,3
authority,3
auxiliary,3
available,3
avenue,3
award,3
aware,3
awareness,3
awesome,3
awkward,3
babysit,3
babysitter,3
back,3
backache,3
backpack,3
backpacker,3
backpacking,3
bacon,3
baggage,3
baker,3
bakery,3
bandage,3
bang,3
bank account,3
bar,3
barbecue,3
barely,3
barman,3
barrel,3
base,3
basement,3
basin,3
basis,3
bat,3
bathe,3
battle,3
beard,3
beast,3
beautifully,3
beaver,3
because of,3
bedside,3
behalf,3
behave,3
belief,3
beloved,3
beneath,3
bent,3
besides,3
bet,3
bilingual,3
bill,3
bin,3
biochemistry,3
biography,3
biology,3
bishop,3
bite,3
bitter,3
blame,3
bleed,3
bless,3
blessing,3
blind,3
block,3
blog,3
blogger,3
board,3
boldly,3
bomb,3
bond,3
book,3
booking,3
boom,3
boot,3
border,3
bore,3
boredom,3
bother,3
bound,3
bowl,3
boxing,3
bracelet,3
brainstorming,3
branch,3
brand-new,3
brass,3
bravely,3
breakthrough,3
breast,3
breath,3
breathless,3
breeding,3
brick,3
briefly,3
brightly,3
broad,3
broccoli,3
bronze,3
brotherhood,3
bubble,3
buddy,3
builder,3
bull,3
bullet,3
bulletin,3
bump,3
bunch,3
bureau,3
burglar,3
burn,3
burning,3
bust,3
but,3
buyer,3
cabbage,3
cabin,3
cage,3
calculate,3
calculation,3
calculator,3
caller,3
calm,3
calmness,3
camel,3
campsite,3
canal,3
cancel,3
cancer,3
candle,3
canned,3
canteen,3
capable,3
capacity,3
capsule,3
capture,3
care,3
career,3
careless,3
carelessly,3
carelessness,3
carpet,3
carriage,3
carton,3
cashpoint,3
casual,3
categorise,3
categorize,3
category,3
cattle,3
caution,3
cautious,3
cave,3
CD-ROM,3
celebrity,3
cell,3
central,3
central heating,3
ceremony,3
certainty,3
challenging,3
champion,3
channel,3
chaos,3
characterise,3
characterize,3
charge,3
chariot,3
charity,3
charm,3
chat,3
chat show,3
check-in,3
check-in counter,3
check-in desk,3
checkout,3
cheerful,3
chemical,3
chemist,3
chemistry,3
cherish,3
chest of drawers,3
chewing gum,3
choir,3
choke,3
Christian,3
chuckle,3
circle,3
circular,3
circus,3
citizenship,3
civil,3
civilisation,3
civilization,3
claim,3
classical,3
classify,3
clear,3
click,3
cliff,3
climate,3
climber,3
clinic,3
clip,3
closely,3
coal,3
coast,3
coastal,3
cod,3
coffin,3
collar,3
columnist,3
combination,3
combine,3
comedian,3
comedy,3
comet,3
comfort,3
comma,3
command,3
commit,3
common sense,3
commonly,3
companion,3
comparison,3
compete,3
competitive,3
competitor,3
complement,3
complete,3
completely,3
complex,3
complicate,3
complicated,3
compliment,3
compose,3
composition,3
compound,3
concentration,3
concept,3
concerned,3
conclude,3
conclusion,3
confidence,3
confirm,3
confirmation,3
conflict,3
confusing,3
confusion,3
congratulate,3
connect,3
connection,3
connexion,3
conquer,3
conscious,3
consequently,3
conservation,3
conservative,3
considerable,3
consideration,3
consonant,3
constantly,3
constitute,3
constitution,3
construct,3
construction,3
consume,3
consumer,3
consumption,3
contain,3
continual,3
continually,3
continuous,3
continuously,3
contrary,3
contribute,3
contribution,3
control,3
controversial,3
convey,3
convince,3
copyright,3
correction,3
cotton,3
council,3
counseling,3
counselling,3
count,3
countless,3
county,3
courage,3
courageous,3
courgette,3
crash,3
creator,3
crisis,3
critic,3
critical,3
crop,3
crossing,3
crossroads,3
crow,3
cruel,3
crush,3
cucumber,3
cultivate,3
cultural,3
curiosity,3
curious,3
curiously,3
curly,3
currency,3
current,3
currently,3
curtain,3
curve,3
cushion,3
customs,3
cut,3
CV,3
cycle,3
daisy,3
damage,3
damaged,3
damp,3
dangerously,3
dare,3
darkness,3
date,3
dating,3
daze,3
dazzle,3
deadline,3
deadly,3
deaf,3
deal,3
dealer,3
debris,3
debt,3
decision,3
declaration,3
declare,3
decrease,3
dedicate,3
deed,3
defence,3
defend,3
defender,3
defense,3
deficiency,3
define,3
definite,3
definite article,3
definitely,3
definition,3
delay,3
delete,3
delicate,3
delighted,3
delightful,3
deliver,3
delivery,3
demand,3
democracy,3
democratic,3
demonstrate,3
demonstration,3
deny,3
depart,3
department,3
departure,3
depressed,3
depressing,3
depression,3
deprive,3
depth,3
derive,3
deserve,3
design,3
despair,3
desperate,3
despite,3
destination,3
destruction,3
destructive,3
detective,3
determination,3
determine,3
devastate,3
devastating,3
development,3
device,3
devotion,3
diagram,3
dial,3
dialog,3
dialogue,3
diameter,3
diaper,3
differ,3
dig,3
digital,3
dioxide,3
direct,3
directly,3
dirt,3
disability,3
disable,3
disabled,3
disagreement,3
disappoint,3
disappointment,3
disaster,3
disastrous,3
disc,3
disc jockey,3
discomfort,3
discount,3
discourage,3
discovery,3
discrimination,3
disease,3
disgusting,3
dishwasher,3
disk,3
disk jockey,3
dislike,3
display,3
dissolve,3
distance,3
distant,3
distinction,3
distinctly,3
distinguish,3
distribute,3
distribution,3
district,3
disturbance,3
diver,3
diverse,3
divide,3
divine,3
diving,3
divorced,3
DJ,3
doc,3
document,3
documentary,3
dolphin,3
dot,3
downstairs,3
downward,3
doze,3
dozen,3
drag,3
dramatic,3
drown,3
drunk,3
dude,3
dull,3
dump,3
dustbin,3
dusty,3
duty,3
duty-free,3
duvet,3
dynasty,3
eager,3
eagerness,3
earache,3
earnest,3
eastern,3
easy-going,3
easygoing,3
eco,3
ecological,3
ecology,3
economic,3
economics,3
economy,3
ecosystem,3
edge,3
edition,3
educate,3
effective,3
efficiency,3
efficient,3
either,3
elbow,3
election,3
electrical,3
electricity,3
electron,3
electronic,3
element,3
eliminate,3
embarrass,3
embarrassed,3
embarrassment,3
emerge,3
emotion,3
emotional,3
emotionally,3
emperor,3
emphasis,3
emphasize,3
empire,3
employment,3
enable,3
enclose,3
encouragement,3
encouraging,3
encyclopaedia,3
encyclopedia,3
endanger,3
endless,3
endure,3
enemy,3
engage,3
engaged,3
engine,3
engineering,3
Englishman,3
enjoyable,3
enjoyment,3
enquiry,3
enrich,3
ensure,3
entertain,3
entertainer,3
enthusiasm,3
enthusiast,3
enthusiastic,3
entire,3
entirely,3
entry,3
environmental,3
environmentalist,3
equality,3
equally,3
equipment,3
era,3
escape,3
essence,3
essential,3
establishment,3
eternal,3
eternity,3
even,3
evenly,3
eventually,3
evident,3
examination,3
examine,3
examiner,3
excellence,3
excess,3
exchange,3
exchange rate,3
excitedly,3
excitement,3
exclusive,3
excuse,3
exhausted,3
existence,3
exit,3
expand,3
expense,3
experience,3
experienced,3
exploration,3
explosion,3
expose,3
express,3
extend,3
extensively,3
extent,3
extinct,3
extinction,3
extra,3
extraordinary,3
extreme,3
extreme sports,3
eyesight,3
face to face,3
face-to-face,3
facility,3
fade,3
failure,3
fair,3
faithful,3
fake,3
fall,3
fallen,3
fancy,3
fantasy,3
faraway,3
farewell,3
farming,3
farmland,3
farther,3
farthest,3
fascinate,3
fashionable,3
fasten,3
favorable,3
favourable,3
fax,3
feast,3
feed,3
ferry,3
festive,3
fetch,3
feverishly,3
few,3
fifth,3
fight,3
filling,3
film,3
film-maker,3
filter,3
financial,3
finding,3
finger,3
fire station,3
firefighter,3
firework,3
firmly,3
first floor,3
first lady,3
first-floor,3
fish,3
fitness,3
fix,3
flavor,3
flavour,3
float,3
flock,3
flood,3
flow,3
flu,3
fluent,3
fluently,3
flunk,3
flute,3
fold,3
folk,3
fond,3
fondness,3
fool,3
foolish,3
foot,3
forbidden,3
forecast,3
forehead,3
forgive,3
form,3
formal,3
formally,3
format,3
former,3
formula,3
forth,3
fortnight,3
fortunate,3
foundation,3
fountain,3
fragment,3
freely,3
freezer,3
freezing,3
frequency,3
frequent,3
frequently,3
freshman,3
friendliness,3
fright,3
frozen,3
frustrated,3
frustration,3
fry,3
frying pan,3
fuel,3
full stop,3
full-time,3
function,3
fund,3
funeral,3
fur,3
furnish,3
further,3
furthermore,3
furthest,3
fuss,3
future,3
gain,3
gall,3
gallon,3
gaol,3
gap,3
gardening,3
garment,3
gay,3
gee,3
gene,3
general,3
generally,3
generate,3
generous,3
genetic,3
genetically,3
genetics,3
gentleman,3
geographical,3
geography,3
geology,3
gesture,3
giant,3
gifted,3
giggle,3
ginger,3
giraffe,3
glance,3
glide,3
glimpse,3
global,3
glorious,3
glory,3
go,3
goalkeeper,3
goddess,3
golfer,3
goodness,3
goods,3
gorgeous,3
gorilla,3
govern,3
governor,3
gown,3
grab,3
graceful,3
graduate,3
graduation,3
grant,3
graph,3
graphic,3
graphics,3
gratitude,3
grave,3
gravy,3
greenhouse,3
greeting,3
grill,3
groom,3
ground floor,3
group,3
grouping,3
growth,3
guess,3
guidance,3
guide,3
guilt,3
guilty,3
guitarist,3
gym,3
gymnastics,3
habitat,3
hairdresser,3
hairdryer,3
half,3
hand-held,3
handball,3
handkerchief,3
handle,3
handshake,3
handwriting,3
handy,3
hard-working,3
hardship,3
harness,3
hasty,3
hatch,3
hate,3
hatred,3
headline,3
heal,3
healing,3
hearing,3
heart attack,3
hearted,3
hearty,3
heat,3
heater,3
heaven,3
heavenly,3
heel,3
height,3
helmet,3
helpless,3
herd,3
hesitate,3
hidden,3
highly,3
hip,3
hire,3
historian,3
historic,3
historical,3
hit,3
HIV,3
holy,3
homeless,3
honest,3
honestly,3
honesty,3
honeymoon,3
hop,3
hope,3
hopeful,3
hopefully,3
hopeless,3
horizon,3
horn,3
horrible,3
horrify,3
hostel,3
household,3
housework,3
huge,3
human,3
humanity,3
humid,3
humor,3
humorous,3
humour,3
hunger,3
hunt,3
hurriedly,3
hurt,3
hut,3
ice hockey,3
ice skating,3
identity,3
identity card,3
idiom,3
idol,3
ignore,3
illegally,3
illness,3
illuminate,3
imaginary,3
imitate,3
immediate,3
immediately,3
immigrate,3
immigration,3
impair,3
impression,3
impressive,3
improper,3
improvement,3
incident,3
including,3
income,3
inconvenient,3
incorrect,3
increase,3
increasingly,3
incredible,3
incredibly,3
indefinite article,3
independent,3
indirect,3
indirectly,3
indoors,3
industrial,3
industry,3
inevitable,3
infection,3
infinitive,3
inform,3
informative,3
ingredient,3
inhabitant,3
inhale,3
initially,3
inject,3
injury,3
ink,3
innermost,3
innocent,3
innovator,3
inquiry,3
insane,3
inscribe,3
inscription,3
insight,3
insist,3
inspection,3
inspire,3
instal,3
install,3
instance,3
instead of,3
instruction,3
instructor,3
insurance,3
intend,3
intense,3
intensive,3
intention,3
intentionally,3
interact,3
interaction,3
interest,3
intermediate,3
intermission,3
internal,3
internationally,3
interrupt,3
interval,3
interview,3
interviewee,3
introduction,3
invasion,3
invest,3
investigation,3
invitation,3
involuntarily,3
involve,3
involved,3
iron,3
ironing,3
irregular,3
irritate,3
isle,3
isolation,3
ivory,3
jade,3
jail,3
jar,3
jazz,3
jealous,3
jewel,3
jogging,3
joke,3
journal,3
journalist,3
judge,3
judgement,3
judgment,3
jug,3
juicy,3
jumper,3
jungle,3
justice,3
kettle,3
keyboard,3
kid,3
killing,3
kindly,3
kindness,3
kiss,3
kitten,3
knit,3
knock,3
lab,3
laboratory,3
ladder,3
lamb,3
land,3
landlord,3
largely,3
last,3
lasting,3
latecomer,3
lately,3
laugh,3
laughter,3
lawful,3
lay,3
layer,3
lead,3
leadership,3
leading,3
league,3
leave,3
lecture,3
legal,3
legally,3
length,3
lessen,3
lettuce,3
liar,3
liberate,3
liberation,3
librarian,3
lie,3
lifeguard,3
lifelong,3
lift,3
light,3
lighter,3
lightly,3
lightning,3
like,3
likeness,3
limit,3
limitation,3
limited,3
limp,3
link,3
liquid,3
literary,3
literature,3
little,3
live,3
liver,3
loaf,3
locate,3
location,3
lock,3
log,3
logic,3
logo,3
lorry,3
loss,3
lottery,3
loud,3
loudspeaker,3
lovingly,3
loyal,3
loyalty,3
luggage,3
lung,3
magical,3
magician,3
magnificent,3
mail,3
mailbox,3
main,3
maintain,3
maintenance,3
majority,3
male,3
management,3
mankind,3
maple,3
marble,3
march,3
marine,3
marked,3
market,3
marriage,3
mash,3
massive,3
match,3
mathematician,3
mathematics,3
maximum,3
mayor,3
meaningful,3
meanwhile,3
measure,3
measurement,3
mechanic,3
mechanical,3
meditate,3
meditation,3
Mediterranean,3
medium,3
melt,3
membership,3
memorable,3
memorise,3
memorize,3
mend,3
mental,3
mentally,3
mention,3
merchant,3
merely,3
message board,3
messy,3
middle-aged,3
mild,3
mile,3
mineral,3
minimise,3
minimize,3
minimum,3
minor,3
minority,3
minus,3
miracle,3
mischief,3
miserable,3
misery,3
mislead,3
mission,3
misty,3
misunderstanding,3
mixing bowl,3
modal,3
modal verb,3
model,3
modem,3
moderate,3
modify,3
moisture,3
molecule,3
monitor,3
monk,3
monster,3
monthly,3
monument,3
more,3
moreover,3
mosquito,3
moss,3
motherland,3
motionless,3
motivate,3
motivation,3
motive,3
motor,3
motorcycle,3
motto,3
mountaintop,3
mourn,3
movement,3
mud,3
mule,3
murder,3
murderer,3
muscle,3
mustard,3
mutual,3
myth,3
nail,3
naked,3
name,3
nap,3
narrate,3
narrative,3
narrow,3
nasty,3
nationalist,3
naturally,3
navy blue,3
near,3
nearby,3
necklace,3
nectar,3
needle,3
negotiate,3
negotiation,3
neighborhood,3
neighbourhood,3
nephew,3
nervousness,3
ness,3
net,3
network,3
neutral,3
nevertheless,3
newborn,3
newcomer,3
newly,3
next door,3
next-door,3
nickname,3
niece,3
nightlife,3
noisily,3
none,3
nonetheless,3
nonsense,3
nor,3
normally,3
northeast,3
northeastern,3
northern,3
northwest,3
northwestern,3
notice,3
noticeable,3
noticeboard,3
notion,3
novelist,3
nowhere,3
nuclear,3
nucleus,3
numerous,3
nurse,3
nutrient,3
nutrition,3
nutritious,3
objection,3
observation,3
observe,3
obstacle,3
obtain,3
obvious,3
obviously,3
occasion,3
occasional,3
occasionally,3
occupy,3
occur,3
ocean,3
off,3
offensive,3
officially,3
oily,3
old-fashioned,3
on to,3
oneself,3
onstage,3
onto,3
opening,3
operation,3
opposite,3
opposition,3
oppress,3
oppression,3
option,3
orbit,3
orchestra,3
orderly,3
ordinary,3
organ,3
organic,3
organisation,3
organism,3
organization,3
origin,3
otherwise,3
ought to,3
out-of-date,3
outdoor,3
outdoors,3
outer,3
outlaw,3
outstanding,3
outward,3
outweigh,3
overcome,3
overjoyed,3
overnight,3
overwhelm,3
overwhelming,3
overwork,3
owe,3
owing,3
own,3
oxygen,3
package,3
packing,3
paid,3
pain,3
painful,3
pale,3
palm,3
parachute,3
paradise,3
parcel,3
pardon,3
parental,3
parking,3
parrot,3
part-time,3
partial,3
participant,3
participate,3
participle,3
particularly,3
passion,3
passive,3
passport,3
password,3
past,3
patience,3
patient,3
patrol,3
pattern,3
pause,3
peanut,3
peculiar,3
penniless,3
penny,3
per,3
per cent,3
percent,3
performer,3
permanent,3
permanently,3
permit,3
personally,3
persuade,3
persuasive,3
pharmacy,3
phenomenon,3
philosopher,3
philosophy,3
phoenix,3
photocopy,3
phrasal verb,3
phrase,3
physics,3
pick,3
pie,3
piety,3
pillow,3
pineapple,3
pipe,3
pit,3
place,3
plain,3
plan,3
plant,3
plastic,3
platform,3
pleasantly,3
please,3
plenty,3
pocket money,3
poet,3
poetry,3
poisonous,3
pole,3
policy,3
politely,3
politician,3
politics,3
pollutant,3
pond,3
popcorn,3
pork,3
port,3
positive,3
positively,3
possess,3
possession,3
possessive,3
possibility,3
postcard,3
postman,3
pot,3
pottery,3
poverty,3
practical,3
prayer,3
precious,3
preference,3
prefix,3
pregnant,3
prejudice,3
preparation,3
prepared,3
preposition,3
preschool,3
prescription,3
presence,3
presentation,3
preservation,3
preserve,3
president,3
press,3
previous,3
priest,3
primarily,3
primary school,3
primitive,3
principle,3
print,3
prison,3
prisoner,3
privacy,3
prize,3
probability,3
proceed,3
proclaim,3
procrastination,3
producer,3
productive,3
profession,3
professor,3
program,3
programme,3
prohibition,3
prominent,3
promise,3
promote,3
promotion,3
pronoun,3
proof,3
properly,3
property,3
proportion,3
proposal,3
propose,3
prosperity,3
prosperous,3
protect,3
protection,3
protective,3
proud,3
prove,3
proverb,3
provided,3
psychological,3
pub,3
public,3
public transport,3
publicly,3
publisher,3
pullover,3
pump,3
punish,3
punishment,3
puppy,3
pure,3
purify,3
purse,3
push,3
quake,3
qualified,3
qualify,3
quality,3
quantity,3
question mark,3
questionnaire,3
race,3
racial,3
radiation,3
rage,3
rail,3
railroad,3
railway,3
rainfall,3
rainforest,3
rank,3
rap,3
rapid,3
rapidly,3
rare,3
rarely,3
raspberry,3
ration,3
rational,3
razor,3
reach,3
react,3
realistic,3
reality,3
rearrange,3
reasonable,3
rebuild,3
reception,3
reclaim,3
recognise,3
recognize,3
recommend,3
record,3
recording,3
recover,3
recovery,3
recycled,3
recycling,3
reduce,3
reduction,3
reef,3
referee,3
reflection,3
refreshments,3
refund,3
refusal,3
refuse,3
regain,3
regarding,3
region,3
regional,3
register,3
registration,3
regulation,3
reject,3
relate,3
relation,3
relationship,3
relative,3
relatively,3
relaxing,3
release,3
reliable,3
religion,3
religious,3
rely,3
remainder,3
remarkable,3
remedy,3
remembrance,3
remote control,3
remove,3
renew,3
repay,3
repeatedly,3
reply,3
report,3
representative,3
reproduce,3
republic,3
reputation,3
request,3
require,3
requirement,3
rescue,3
researcher,3
resemble,3
reservation,3
reserve,3
residential,3
resist,3
resolve,3
resource,3
respect,3
respectable,3
respond,3
responsibility,3
responsible,3
rest,3
restore,3
restrict,3
result,3
retail,3
retain,3
retell,3
reunification,3
reunify,3
revise,3
revision,3
rewrite,3
rid,3
ridiculous,3
ripe,3
rise,3
roadside,3
robot,3
rolling,3
room,3
rotten,3
rough,3
routine,3
rubber,3
rubbish,3
rudely,3
ruin,3
runaway,3
runway,3
rush,3
sacred,3
sadness,3
safari,3
safely,3
safety,3
salesman,3
salmon,3
sand,3
sandal,3
satellite,3
satisfaction,3
satisfied,3
saucepan,3
saucer,3
scare,3
scared,3
scary,3
scatter,3
scenic,3
scholar,3
scholarship,3
schoolmate,3
schoolteacher,3
science fiction,3
scold,3
scope,3
score,3
scream,3
sculpture,3
search,3
season,3
seawater,3
seaweed,3
second,3
second-hand,3
secondary school,3
secret,3
secretly,3
security,3
seize,3
selection,3
self-service,3
selfish,3
sensation,3
separation,3
sequence,3
series,3
serious,3
server,3
service,3
session,3
setting,3
settle,3
settlement,3
settler,3
severe,3
severely,3
sex,3
shadow,3
shadowy,3
shake,3
shallow,3
shame,3
shameful,3
shape,3
shave,3
sheer,3
sheet,3
shelter,3
sheriff,3
shiny,3
ship,3
shiver,3
shocked,3
shocking,3
shop,3
shopper,3
shortage,3
shortly,3
shout,3
shrimp,3
shut,3
sickness,3
sidewalk,3
sign,3
signature,3
significance,3
signpost,3
silent,3
silk,3
similarity,3
similarly,3
simplify,3
simultaneously,3
single,3
sink,3
skate,3
skeleton,3
ski,3
skin,3
skyscraper,3
slavery,3
sleep,3
sleeve,3
slightly,3
slip,3
slogan,3
slope,3
slot,3
slow,3
smell,3
smile,3
smoker,3
snowboard,3
snowstorm,3
soap opera,3
social networking,3
socially,3
solid,3
somehow,3
someplace,3
sometime,3
sometimes,3
soothe,3
sophomore,3
sore,3
sorrow,3
soul,3
sour,3
southeast,3
southern,3
southwest,3
souvenir,3
sparkle,3
specialise,3
specialist,3
specialize,3
specially,3
spectacular,3
spectator,3
speed,3
spelling,3
sphere,3
spice,3
spicy,3
spider,3
spinach,3
spiral,3
spirit,3
spiritual,3
spoil,3
sponge,3
sports,3
sportsmanship,3
stable,3
stall,3
star,3
stare,3
status,3
stay,3
steadily,3
steady,3
steam,3
steel,3
steep,3
stem,3
sticker,3
sticky,3
stir,3
storage,3
stormy,3
storyteller,3
strangely,3
strategic,3
straw,3
strawberry,3
stream,3
strengthen,3
stressed,3
stressful,3
stretch,3
stricken,3
strike,3
stripe,3
stubborn,3
stuck,3
studio,3
stuffed,3
stumble,3
stun,3
stunning,3
stupid,3
stylish,3
subconscious,3
submarine,3
substantial,3
suddenly,3
suffer,3
sufficient,3
suffix,3
suicide,3
summarise,3
summarize,3
summit,3
sunbathe,3
sundial,3
sunrise,3
sunset,3
superior,3
superstition,3
support,3
supporter,3
supportive,3
suppose,3
supposedly,3
surely,3
surface,3
surgeon,3
surgery,3
surprise,3
surprisingly,3
surround,3
surrounding,3
survival,3
survivor,3
suspicion,3
swarm,3
swear,3
sweat,3
sweatshirt,3
swell,3
swimmer,3
switch,3
swollen,3
sword,3
sympathy,3
symptom,3
syndrome,3
systematic,3
tablet,3
take,3
take-off,3
takeaway,3
takeoff,3
tale,3
talented,3
talk,3
tank,3
tape,3
taste,3
tasteless,3
tasty,3
tax,3
teaching,3
teammate,3
teamwork,3
tear,3
technique,3
technological,3
teen,3
telecommunications,3
telegram,3
teller,3
temporary,3
tempt,3
tend,3
tendency,3
tense,3
tension,3
tent,3
term,3
terminal,3
terribly,3
terrific,3
terrified,3
terror,3
terrorism,3
terrorist,3
thankful,3
theft,3
theory,3
thorough,3
threat,3
threatening,3
thriller,3
through,3
throughout,3
thumb,3
thump,3
thunder,3
thunderous,3
thus,3
tick,3
tide,3
tie,3
tighten,3
tightly,3
tile,3
timely,3
tin,3
tiny,3
tire,3
tiring,3
tissue,3
tobacco,3
tongue,3
toothpaste,3
top,3
tornado,3
toss,3
total,3
totally,3
touch,3
tour,3
tourism,3
tournament,3
tracksuit,3
traditionally,3
traffic jam,3
tragedy,3
tragic,3
transform,3
transformation,3
transitional,3
translate,3
transportation,3
trash,3
travel agent,3
treatment,3
tremble,3
tremendous,3
trend,3
trigger,3
trim,3
triumph,3
tropical,3
trouble,3
trumpet,3
trustworthy,3
tumble,3
tuna,3
turbulence,3
turning,3
turtle,3
twin,3
twist,3
type,3
typical,3
typically,3
unable,3
unafraid,3
unbelievable,3
uncertainty,3
unclear,3
uncontrollable,3
uncover,3
underage,3
undergo,3
underline,3
underpants,3
undo,3
undress,3
unemployed,3
unemployment,3
unexpected,3
unexpectedly,3
unfairly,3
unfit,3
unfold,3
unfortunate,3
unfriendly,3
unheard,3
unify,3
uninterested,3
uninteresting,3
union,3
unique,3
unite,3
universe,3
unless,3
unlikely,3
unlucky,3
unpack,3
unpredictable,3
unrelated,3
untidy,3
until,3
unusually,3
unwanted,3
unwell,3
up-to-date,3
uplifted,3
upload,3
upper,3
upstairs,3
upward,3
urgent,3
usage,3
used to,3
useless,3
vacancy,3
vague,3
vain,3
valuable,3
van,3
variety,3
various,3
vary,3
vast,3
vegetarian,3
vehicle,3
vein,3
vessel,3
vet,3
via,3
vice,3
vice president,3
victim,3
victory,3
video clip,3
view,3
viewpoint,3
violence,3
violently,3
virtual,3
virus,3
visa,3
visible,3
vision,3
visual,3
visually,3
vivid,3
vividly,3
volcano,3
volume,3
vote,3
vowel,3
voyage,3
wagon,3
wake,3
ward,3
wardrobe,3
warm,3
warmly,3
warmth,3
warn,3
warning,3
warranty,3
warrior,3
washbowl,3
waste,3
wasteful,3
waterfall,3
wave,3
weakness,3
weapon,3
weather forecast,3
webcam,3
weird,3
well-dressed,3
westward,3
wetland,3
whale,3
whatever,3
whenever,3
wherever,3
whether,3
while,3
whoever,3
whole,3
widespread,3
wildlife,3
wildly,3
willingness,3
windscreen,3
windsurfing,3
wizard,3
wonder,3
working,3
workout,3
workplace,3
workshop,3
worn,3
worth,3
worthwhile,3
worthy,3
wrap,3
wrapping,3
wrist,3
wristwatch,3
written,3
yet,3
yoga,3
abandoned,4
abnormally,4
aboriginal,4
abruptly,4
absentee,4
absurd,4
abuse,4
access,4
accommodation,4
accordingly,4
accumulate,4
accusation,4
ache,4
achievable,4
acid,4
acquisition,4
actively,4
actual,4
acute,4
adaptable,4
addict,4
addicted,4
addiction,4
additionally,4
adequate,4
adequately,4
adjustment,4
administrative,4
admirable,4
admiringly,4
admittedly,4
adopted,4
adoption,4
adore,4
advance,4
advancement,4
advent,4
adventurous,4
adversity,4
affectionate,4
affectionately,4
affordable,4
ageless,4
aggressively,4
agonise,4
agony,4
aim,4
aircraft,4
aircrew,4
alcoholic,4
alcoholism,4
alert,4
alliance,4
alongside,4
alphabetical,4
altar,4
alter,4
alternate,4
alternatively,4
altitude,4
aluminium,4
aluminum,4
amaze,4
amazement,4
amazingly,4
ambassador,4
ambiguity,4
ambiguous,4
ammonia,4
amongst,4
ample,4
amplifier,4
amplify,4
amuse,4
analogy,4
analyst,4
anchorage,4
anchorman,4
anchorperson,4
anguish,4
animate,4
anonymous,4
antiaircraft,4
antibacterial,4
anticancer,4
anticipate,4
anticipation,4
antipollution,4
antique,4
antistatic,4
antivirus,4
apostrophe,4
appeal,4
applicant,4
appreciative,4
approach,4
appropriately,4
approximate,4
arch,4
archaeologist,4
archeologist,4
arctic,4
arena,4
aristocracy,4
armful,4
arouse,4
arrogant,4
artery,4
artificially,4
artistry,4
ash,4
aspiration,4
aspire,4
assault,4
assemble,4
assembly,4
assert,4
assess,4
assessment,4
assumption,4
assurance,4
assure,4
astonish,4
astonished,4
astonishing,4
astonishment,4
astronomy,4
athletics,4
attached,4
attainable,4
attendance,4
attentive,4
attentively,4
attractiveness,4
attribute,4
atypical,4
aubergine,4
audition,4
authorise,4
authoritative,4
authorize,4
availability,4
await,4
ax,4
axe,4
axis,4
backup,4
backward,4
backwards,4
backyard,4
bad-tempered,4
badge,4
balance,4
balanced,4
balky,4
ballad,4
ballet,4
ballot,4
ban,4
banker,4
bankrupt,4
bankruptcy,4
barbershop,4
bare,4
bargain,4
bark,4
barley,4
barn,4
barren,4
barrier,4
bartender,4
bathhouse,4
battlefield,4
beagle,4
beak,4
beam,4
bearing,4
beat,4
beautify,4
bellow,4
belongings,4
bend,4
beneficial,4
benefit,4
benevolence,4
benevolent,4
berry,4
bestow,4
bestseller,4
betray,4
bewilder,4
bewilderment,4
bid,4
bidding,4
bikini,4
billion,4
bind,4
bio,4
biological,4
biotechnology,4
birdcage,4
birthplace,4
bitterly,4
bizarre,4
blade,4
blast,4
blaze,4
blend,4
blindly,4
blindness,4
blink,4
bloodstream,4
bloody,4
blooming,4
blossom,4
blur,4
blurt,4
blush,4
boiling,4
bold,4
bolt,4
bombard,4
bomber,4
bombing,4
bony,4
bookish,4
booklet,4
bookmark,4
boost,4
booth,4
bossy,4
botany,4
bothered,4
bothersome,4
bottle,4
bounce,4
bourbon,4
bow,4
boxer,4
bracket,4
brag,4
brake,4
bravery,4
breakable,4
breakdown,4
breakup,4
breathtaking,4
breed,4
breezy,4
brewery,4
brilliantly,4
broadband,4
broadcast,4
broadcaster,4
broaden,4
broadly,4
brochure,4
brother-in-law,4
browse,4
browser,4
bruise,4
bud,4
budget,4
bulimia,4
bully,4
bum,4
bumper,4
bun,4
burden,4
burdensome,4
bureaucracy,4
burglary,4
burgle,4
burial,4
bustle,4
bustling,4
butcher,4
buzz,4
cabinet,4
cable,4
calmly,4
candidate,4
cane,4
cannonball,4
canon,4
capability,4
caption,4
captive,4
caravan,4
carbon,4
carbon dioxide,4
carbon footprint,4
carbon monoxide,4
cardboard,4
cardigan,4
carefree,4
caring,4
carnival,4
carpool,4
carve,4
casually,4
catalog,4
catalogue,4
catalyst,4
catastrophe,4
catchy,4
categorisation,4
categorization,4
catering,4
cathedral,4
cause,4
cease,4
ceiling,4
cellar,4
cellist,4
cello,4
cemetery,4
centigrade,4
certificate,4
certification,4
certify,4
challenge,4
chancellor,4
chaotic,4
characteristic,4
charming,4
chase,4
cheat,4
checkpoint,4
cheeky,4
cheerfully,4
cheerfulness,4
chemotherapy,4
cherished,4
cherry,4
chew,4
chief,4
childish,4
chimney,4
chip,4
chop,4
chunk,4
circuitry,4
circumstance,4
citywide,4
clam,4
clap,4
clarify,4
classic,4
classification,4
clause,4
clearness,4
clerical,4
client,4
climate change,4
clog,4
closure,4
clothing,4
clumsy,4
coach,4
coaching,4
coalition,4
coarse,4
coastline,4
cocktail,4
cocoa,4
coconut,4
coherence,4
coherent,4
coincide,4
coincidence,4
collapse,4
colleague,4
collector,4
collocation,4
colon,4
colonial,4
coma,4
comb,4
comfortably,4
commander,4
commemorate,4
comment,4
commerce,4
commercial,4
commonwealth,4
communicative,4
community,4
commute,4
compassion,4
compassionate,4
compatible,4
compensate,4
compensation,4
competence,4
competent,4
compile,4
completion,4
complexion,4
component,4
comprehension,4
comprehensive,4
compress,4
compression,4
compromise,4
compulsory,4
compute,4
conceal,4
concede,4
conceit,4
conception,4
concern,4
concerning,4
concession,4
concrete,4
condemn,4
conduct,4
conductor,4
cone,4
conference,4
conferencing,4
confess,4
confession,4
confidently,4
confine,4
confront,4
conjunction,4
conquest,4
conscience,4
consciousness,4
consensus,4
consent,4
considerably,4
considering,4
consistent,4
consolation,4
console,4
constant,4
consult,4
consultant,4
contaminate,4
contemporary,4
contempt,4
content,4
contradict,4
contradiction,4
contradictory,4
controversy,4
conveniently,4
convention,4
conventional,4
conversely,4
conversion,4
convert,4
convinced,4
cool,4
cooperate,4
cooperation,4
cooperative,4
cope,4
copper,4
coral,4
core,4
cornerstone,4
cornet,4
corona,4
corporal,4
corporate,4
corporation,4
correct,4
correctness,4
correspond,4
correspondence,4
correspondent,4
corresponding,4
corridor,4
corrupt,4
corruption,4
cosiness,4
costly,4
costume,4
cosy,4
cottage,4
cough,4
counter,4
countryman,4
countrywide,4
courtesy,4
coward,4
cowardly,4
coziness,4
cozy,4
crab,4
crack,4
craftsman,4
crater,4
crawl,4
crease,4
creation,4
creatively,4
creek,4
creepy,4
crew,4
criminal,4
cripple,4
critically,4
criticism,4
crocodile,4
crossly,4
crucial,4
cruelly,4
cruelty,4
cruise,4
cube,4
cubism,4
cuff,4
culmination,4
culturally,4
cure,4
curl,4
cursor,4
cyberaddict,4
cybercafe,4
cybercafé,4
cybercrime,4
cyberpet,4
cyberschool,4
cyberspace,4
cyclist,4
daft,4
damn,4
dandelion,4
darling,4
dash,4
data,4
database,4
dated,4
daughter-in-law,4
dawn,4
daytime,4
de facto,4
dear,4
dearly,4
debit,4
debit card,4
decade,4
decay,4
deceive,4
decent,4
deceptive,4
decisive,4
deck,4
decline,4
decomposition,4
decorate,4
decoration,4
decorative,4
dedication,4
deduce,4
deduction,4
deem,4
deep,4
deer,4
defeat,4
deforestation,4
defy,4
dehumanise,4
dehumanize,4
delegate,4
deliberately,4
delicacy,4
delicately,4
delight,4
demanding,4
demolish,4
denim,4
dense,4
densely,4
dental,4
dependable,4
deposit,4
deputy,4
descend,4
descriptive,4
designer,4
desirable,4
desire,4
desktop,4
desolation,4
desperately,4
desperation,4
despise,4
destiny,4
detach,4
detachment,4
detailed,4
detect,4
determined,4
determiner,4
developing,4
devil,4
devote,4
devoted,4
diarrhea,4
diarrhoea,4
dictator,4
digest,4
dignify,4
dignity,4
dilemma,4
dim,4
dime,4
dimension,4
dip,4
diphtheria,4
diploma,4
diplomat,4
disappearance,4
disapproval,4
disapprove,4
discharge,4
disciple,4
discipline,4
disconnect,4
discredit,4
discriminate,4
disgrace,4
disguise,4
dishonesty,4
disillusion,4
dismiss,4
disorder,4
disorderly,4
disorganised,4
disorganized,4
displace,4
displeasure,4
disposal,4
disposition,4
dispute,4
disqualify,4
disregard,4
disrupt,4
dissatisfaction,4
dissatisfied,4
dissident,4
distinguished,4
distortion,4
distract,4
distraction,4
distressing,4
distributor,4
diversion,4
divert,4
divided,4
division,4
divorce,4
DNA,4
dock,4
domestic,4
dominate,4
donate,4
donation,4
donkey,4
doom,4
doorkeeper,4
doorway,4
dorm,4
dormitory,4
dose,4
double,4
doubly,4
doubt,4
doubtful,4
dove,4
down,4
downfall,4
download,4
downsize,4
dowry,4
draft,4
drain,4
dramatically,4
drapery,4
draught,4
dread,4
dreadful,4
dreamy,4
drinkable,4
droop,4
dropout,4
drought,4
duel,4
dumb,4
duplicate,4
duplication,4
dye,4
dynamic,4
eagerly,4
eagle,4
earnings,4
ease,4
eastward,4
ecologically,4
ecologist,4
economical,4
economist,4
edit,4
editorial,4
educated,4
educator,4
effectively,4
effectiveness,4
elect,4
elective,4
electrician,4
electronically,4
electronics,4
elegance,4
elegant,4
elegantly,4
elemental,4
eligible,4
elite,4
eloquence,4
eloquent,4
embassy,4
embrace,4
emergence,4
emphatically,4
employ,4
employee,4
employer,4
encounter,4
endeavor,4
endeavour,4
endlessly,4
endorse,4
endurance,4
enduring,4
energy,4
enforce,4
engagement,4
engulf,4
enhance,4
enquire,4
enrol,4
enroll,4
enterprise,4
entertaining,4
enthusiastically,4
entitle,4
entrepreneur,4
environment,4
environmentally,4
environmentally friendly,4
envy,4
equal,4
equation,4
equip,4
equity,4
erect,4
erupt,4
eruption,4
essayist,4
essentially,4
estate,4
estimate,4
estimated,4
eternally,4
ethic,4
ethnic,4
evacuate,4
evacuation,4
evaluate,4
evaluation,4
everlasting,4
evidently,4
evil,4
evolution,4
evolve,4
exactness,4
exaggerate,4
exaggeration,4
exalt,4
examinee,4
exceed,4
excel,4
exception,4
exceptional,4
exceptionally,4
excessive,4
exclaim,4
exclamation mark,4
exclude,4
exclusion,4
exclusively,4
excursion,4
execute,4
execution,4
executive,4
exhausting,4
exhaustion,4
exhibit,4
exile,4
existing,4
expansion,4
expectation,4
expected,4
experiment,4
expert,4
explode,4
explorer,4
explosive,4
export,4
expressive,4
exquisite,4
extension,4
extensive,4
external,4
extract,4
extraordinarily,4
exultant,4
eyebrow,4
eyelash,4
eyelid,4
fabric,4
fabulous,4
facilitate,4
facilities,4
factor,4
faculty,4
faint,4
faith,4
falter,4
fame,4
fantastically,4
far,4
fascinated,4
fascination,4
fat,4
fatal,4
fate,4
father-in-law,4
faulty,4
fear,4
fearsome,4
feat,4
feature,4
fed up,4
federal,4
feedback,4
fellow,4
female,4
ferryboat,4
fiber,4
fibre,4
fictional,4
fierce,4
fighting,4
file,4
filial,4
finance,4
financially,4
fine,4
finely,4
fingernail,4
fire,4
fire brigade,4
firearm,4
fireplace,4
firmness,4
first language,4
first person,4
firstly,4
fiscal,4
fixed,4
flame,4
flap,4
flash,4
flat,4
flaw,4
flawless,4
flax,4
flee,4
fleet,4
flesh,4
flexibility,4
flexible,4
flexibly,4
flip,4
fluency,4
fluid,4
flutter,4
focus,4
follower,4
following,4
folly,4
fondly,4
foolishly,4
footnote,4
force,4
forcefully,4
foreman,4
foresee,4
forestry,4
formation,4
formerly,4
forthcoming,4
foul,4
found,4
fox,4
fragrance,4
frame,4
frankly,4
frantically,4
fraud,4
freak,4
free,4
friendly,4
frigate,4
frontier,4
frugal,4
fulfil,4
fulfill,4
fume,4
functional,4
functionality,4
fundamental,4
funk,4
funky,4
furious,4
furiously,4
furor,4
furore,4
gaiety,4
gambling,4
gang,4
gangster,4
gardener,4
gasp,4
gateway,4
gaudy,4
gaze,4
gear,4
generalisation,4
generalise,4
generalization,4
generalize,4
generosity,4
generously,4
genius,4
genre,4
gently,4
genuine,4
genuinely,4
geographic,4
germ,4
getaway,4
ghetto,4
giveaway,4
glacis,4
glamorous,4
glamourous,4
glare,4
gleam,4
glee,4
global warming,4
globally,4
glocal,4
gloomy,4
glorify,4
glow,4
goat,4
god,4
godly,4
good,4
goodwill,4
gook,4
gorge,4
gossip,4
governmental,4
gracefulness,4
grade,4
gradual,4
grain,4
grand,4
graphically,4
grasp,4
gravestone,4
gravitation,4
greatness,4
grief,4
grieve,4
grim,4
grin,4
grip,4
gross,4
growing,4
grown-up,4
guarantee,4
guard,4
guerrilla,4
guideline,4
gulp,4
gum,4
gunshot,4
guts,4
gymnastic,4
habitant,4
hail,4
hairy,4
hammer,4
handicap,4
handicraft,4
handout,4
handrail,4
hang,4
hard drive,4
hardware,4
harm,4
harmless,4
harrow,4
haste,4
hastily,4
hatching,4
haunt,4
haunting,4
hay,4
hazardous,4
headquarters,4
health care,4
heap,4
heart-warming,4
heartbreaking,4
heartwarming,4
hedge,4
helicopter,4
hell,4
helper,4
hemp,4
herb,4
heritage,4
hesitation,4
hi-tech,4
high-tech,4
highlight,4
hijack,4
hilarious,4
hint,4
holder,4
hollow,4
holocaust,4
homeward,4
hone,4
honor,4
honorable,4
honour,4
honourable,4
hood,4
hook,4
hospice,4
hospitable,4
hospitalise,4
hospitality,4
hospitalize,4
hourly,4
housekeeper,4
housemaster,4
housewife,4
hug,4
hugely,4
human rights,4
humane,4
humanise,4
humanist,4
humanize,4
humbug,4
humiliate,4
humiliating,4
humiliation,4
hunting,4
hush,4
hybrid,4
hygiene,4
hyperbole,4
hyphen,4
iceman,4
icon,4
icy,4
ideally,4
identical,4
identification,4
identify,4
ideology,4
idiot,4
idolise,4
idolize,4
ignorance,4
ignorant,4
illustrate,4
illustration,4
imagery,4
imitation,4
immerse,4
immigrant,4
immoral,4
immortal,4
immortality,4
impartial,4
impatiently,4
impermanent,4
implement,4
implication,4
imply,4
impolite,4
impolitely,4
import,4
impose,4
impossibility,4
impractical,4
impressed,4
impressionism,4
impressionist,4
imprison,4
imprisonment,4
improbable,4
improperly,4
improved,4
impulse,4
impulsive,4
inaccurate,4
inadequate,4
inanimate,4
inborn,4
incense,4
incentive,4
inch,4
incur,4
incurable,4
indebted,4
indent,4
independently,4
indescribable,4
index,4
indifferent,4
indignity,4
individual,4
indulgent,4
industrialise,4
industrialize,4
ineffective,4
inexperienced,4
infant,4
infect,4
infected,4
infectious,4
infer,4
inference,4
inflammation,4
inflammatory,4
inflate,4
inflation,4
influence,4
influential,4
influenza,4
informal,4
infringe,4
infringement,4
inhabit,4
inherit,4
initial,4
initiative,4
injection,4
injured,4
innate,4
innocently,4
input,4
inquire,4
inseparable,4
inside,4
inspect,4
inspector,4
inspirational,4
instantly,4
instil,4
instill,4
instinct,4
institution,4
instruct,4
insufficient,4
insult,4
integrate,4
intellectual,4
intent,4
interactive,4
interfere,4
interior,4
interpersonal,4
interpret,4
interpretation,4
interpreter,4
interruption,4
intersection,4
intimate,4
intransitive,4
intravenous,4
intrude,4
intruder,4
intrusion,4
invariable,4
invariably,4
inventor,4
inverted commas,4
investigate,4
investigator,4
investment,4
investor,4
invisible,4
invitingly,4
invoke,4
involvement,4
ironically,4
irrational,4
irresistible,4
irresistibly,4
irresponsible,4
irritated,4
irritating,4
irritation,4
islander,4
issue,4
italicise,4
italicize,4
itch,4
jam,4
jaw,4
jealously,4
jeopardise,4
jeopardize,4
jeweler,4
jeweller,4
joint,4
journalism,4
judo,4
jump,4
junk food,4
juror,4
jury,4
justify,4
kangaroo,4
karaoke,4
keen,4
keeper,4
kerosene,4
keystroke,4
kneel,4
knot,4
knowingly,4
known,4
label,4
laborer,4
labourer,4
lack,4
lame,4
lance,4
landing,4
landlady,4
landslide,4
laptop,4
laser,4
last minute,4
last-minute,4
lastly,4
later,4
latter,4
laundry,4
lava,4
lawmaker,4
lawn,4
lawsuit,4
layabout,4
leaflet,4
leak,4
lean,4
leap,4
learning,4
lease,4
leash,4
least,4
lecturer,4
leek,4
legend,4
legendary,4
legislate,4
legislation,4
legislative,4
legislator,4
legislature,4
legitimate,4
leisurely,4
lengthen,4
lengthy,4
leopard,4
lest,4
level,4
liberal,4
lick,4
lid,4
lifeless,4
lifetime,4
lighten,4
lighting,4
likewise,4
limb,4
line,4
linen,4
liner,4
ling,4
linger,4
list,4
listener,4
literal,4
literally,4
litter,4
living,4
load,4
loan,4
lobby,4
loneliness,4
long-distance,4
long-term,4
loosely,4
lousy,4
lower,4
lowland,4
lucrative,4
lush,4
luxurious,4
luxury,4
lyrics,4
madam,4
madame,4
madness,4
maestro,4
magnify,4
major,4
make,4
malady,4
malaria,4
mama,4
mamma,4
mango,4
manipulate,4
mansion,4
manual,4
manufacture,4
manufacturer,4
manufacturing,4
marathon,4
margin,4
marketing,4
martial art,4
mask,4
mass,4
massacre,4
massage,4
masseur,4
master,4
masterpiece,4
mastery,4
mate,4
mathematical,4
mature,4
mausoleum,4
mean,4
means,4
mechanise,4
mechanize,4
media,4
mediaeval,4
medication,4
medieval,4
mediocre,4
melody,4
memorial,4
mentor,4
merchandise,4
mercy,4
merge,4
mess,4
messenger,4
metaphor,4
metric,4
micro,4
microbe,4
microcomputer,4
micrometer,4
micrometre,4
microorganism,4
microphone,4
microscope,4
microscopic,4
microscopy,4
microwave,4
midst,4
mighty,4
migration,4
mill,4
millimeter,4
millimetre,4
millionaire,4
mimic,4
mine,4
miniature,4
minister,4
mint,4
misconception,4
misfortune,4
misleading,4
missile,4
mist,4
mistreat,4
mistrustful,4
misunderstand,4
mix,4
mixture,4
mobility,4
mock,4
modernisation,4
modernise,4
modernization,4
modernize,4
modest,4
modification,4
mogul,4
momentarily,4
momentary,4
monastery,4
moody,4
moonlight,4
moonscape,4
moral,4
morality,4
morally,4
mortal,4
mortar,4
mortgage,4
mortify,4
mother-in-law,4
motion,4
motivated,4
motorbike,4
motorist,4
mount,4
mournful,4
moustache,4
mover,4
moving,4
muddy,4
multiple,4
multiply,4
mumble,4
murmur,4
muse,4
musical,4
mustache,4
mutability,4
mutable,4
mutter,4
mutton,4
mystify,4
nano,4
narcissistic,4
narrator,4
narrowly,4
nationwide,4
native speaker,4
naughty,4
naval,4
navigate,4
navigation,4
navy,4
neat,4
necessarily,4
necessity,4
need,4
needless,4
needy,4
negatively,4
neglect,4
neighboring,4
neighbouring,4
neither,4
nerve,4
nerves,4
nervously,4
net surfer,4
netsurfer,4
neurosis,4
newscaster,4
newsworthy,4
next,4
nicely,4
nightclub,4
nightmare,4
nobility,4
noble,4
nobleman,4
nod,4
nomad,4
nomination,4
nominee,4
non-smoking,4
nonprofessional,4
northward,4
nostril,4
nought,4
nourish,4
nourishment,4
novelty,4
now,4
nuisance,4
numerical,4
nursery,4
nut,4
nutshell,4
oath,4
obedience,4
obedient,4
obey,4
obituary,4
object,4
objective,4
obligation,4
observer,4
obsess,4
obsession,4
obsessive,4
odd,4
offence,4
offend,4
offender,4
offense,4
offhand,4
official,4
offshore,4
ointment,4
olive,4
Olympia,4
Olympiad,4
once,4
openly,4
operator,4
opponent,4
optimism,4
optimist,4
optimistic,4
optional,4
oral,4
orator,4
orchestral,4
orchid,4
organiser,4
organizer,4
original,4
originality,4
originally,4
originate,4
ornament,4
ounce,4
outback,4
outbreak,4
outcome,4
outdistance,4
outdo,4
outfit,4
outgrow,4
outing,4
outlet,4
outline,4
outlive,4
outlook,4
output,4
outrage,4
outrageous,4
outshine,4
outside,4
outsider,4
outskirts,4
outwardly,4
oval,4
overall,4
overboard,4
overbook,4
overcoat,4
overemphasise,4
overemphasize,4
overestimate,4
overhear,4
overlap,4
overlook,4
overly,4
overseas,4
overshadow,4
oversize,4
overstep,4
overtake,4
overthrow,4
overtime,4
overturn,4
ow,4
owing to,4
owl,4
ox,4
ozone,4
pa,4
packed,4
packet,4
pad,4
paintbrush,4
pajamas,4
pallet,4
pancake,4
pandemic,4
panel,4
panic,4
papaya,4
paperless,4
paperwork,4
parade,4
paradox,4
paramedic,4
paratrooper,4
parliament,4
part,4
participation,4
particle,4
particular,4
partisan,4
partnership,4
passionate,4
passionately,4
pastor,4
pastoral,4
patch,4
patiently,4
patriot,4
patriotic,4
patriotism,4
patron,4
pave,4
pavement,4
paw,4
pawnbroker,4
pawnshop,4
payment,4
peacefully,4
peach,4
peak,4
pearl,4
pebble,4
pedal,4
pedantic,4
pee,4
peel,4
peep,4
peer,4
peg,4
penalise,4
penalize,4
penalty,4
penetrate,4
penguin,4
penicillin,4
pension,4
pentagon,4
perceive,4
percentage,4
perception,4
permanence,4
permeate,4
perseverance,4
persist,4
persistence,4
persistent,4
personify,4
personnel,4
perspective,4
perspiration,4
persuasion,4
pessimist,4
pessimistic,4
petrified,4
petty,4
pH,4
pharmacist,4
philosophical,4
photograph,4
physician,4
pi,4
pickle,4
picky,4
picture,4
picturesque,4
pillowcase,4
pin,4
pine,4
pint,4
piracy,4
pirate,4
pitch,4
planning,4
playmate,4
playwright,4
plead,4
plot,4
plug,4
plumber,4
plus,4
pneumonia,4
point of view,4
pointless,4
poison,4
polar bear,4
polio,4
polish,4
politeness,4
politically,4
polity,4
polo,4
ponder,4
pop,4
popularise,4
popularity,4
popularize,4
porch,4
portion,4
posh,4
possessed,4
postal,4
postpone,4
potent,4
potential,4
potentially,4
pound,4
powder,4
powerfully,4
practicality,4
practically,4
praise,4
prance,4
prawn,4
precede,4
precisely,4
predicament,4
predicate,4
predicative,4
predictable,4
predictive,4
predictor,4
prefect,4
preferable,4
preferably,4
prehistoric,4
prehuman,4
preindustrial,4
prejudge,4
preliminary,4
prescribe,4
present,4
presenter,4
presidency,4
presidential,4
prestige,4
prestigious,4
presumably,4
pretend,4
prevail,4
prevention,4
preventive,4
previously,4
price,4
priceless,4
prick,4
primary,4
prime,4
prime minister,4
principal,4
prior,4
priority,4
privately,4
privilege,4
probable,4
probe,4
procedure,4
process,4
professional,4
profile,4
profit,4
profitable,4
programmer,4
programming,4
progress,4
prohibit,4
project,4
projection,4
prom,4
prominence,4
prompt,4
promptly,4
proponent,4
proposed,4
prose,4
prosecute,4
prospect,4
prosper,4
protest,4
proudly,4
proven,4
province,4
provision,4
proximity,4
psychologically,4
psychology,4
publication,4
publicise,4
publicity,4
publicize,4
pudding,4
pulse,4
pumpkin,4
punch,4
purchase,4
purposeful,4
pursuit,4
puzzled,4
pyjamas,4
qualification,4
quantify,4
quarantine,4
quarrel,4
quarrelsome,4
queer,4
question,4
queue,4
quiet,4
quit,4
quotable,4
quotation,4
quote,4
racism,4
racist,4
rack,4
radar,4
radiate,4
radical,4
radically,4
radium,4
rafter,4
rag,4
rainbow,4
rainstorm,4
ram,4
ramp,4
range,4
ranger,4
rape,4
rash,4
rate,4
rattle,4
ravage,4
reaction,4
readily,4
real estate,4
realisation,4
realization,4
rear,4
reasonably,4
rebel,4
rebellious,4
recession,4
recipe,4
reckon,4
recognition,4
recollect,4
recommendable,4
recommendation,4
reconsider,4
recreation,4
recruit,4
rectangular,4
redo,4
reed,4
reference,4
referent,4
refinery,4
reflective,4
reform,4
refrain,4
refuge,4
refugee,4
refute,4
regard,4
regardless,4
reggae,4
regime,4
regret,4
regrettably,4
regulate,4
rehearsal,4
reinforce,4
reinforcement,4
rejection,4
rejoin,4
related,4
relativity,4
relaxation,4
relay,4
relevant,4
relic,4
relief,4
relieve,4
relieved,4
reluctant,4
remaining,4
remains,4
remark,4
remarkably,4
reminder,4
rental,4
reorganise,4
reorganize,4
repaint,4
repertoire,4
repetition,4
replacement,4
replica,4
repress,4
repression,4
reprint,4
reprove,4
research,4
residence,4
resident,4
resign,4
resignation,4
resistance,4
resolution,4
resonant,4
respectably,4
respected,4
respiration,4
respiratory,4
restriction,4
resume,4
retailer,4
retard,4
retina,4
retirement,4
retreat,4
retrieve,4
revelation,4
revenge,4
revenue,4
reverence,4
reverse,4
review,4
revival,4
revive,4
revolution,4
revolutionary,4
revolutionise,4
revolutionize,4
revolve,4
reward,4
rhinoceros,4
rhyme,4
rhythmic,4
rib,4
riddle,4
rider,4
ridge,4
righteousness,4
rightly,4
rim,4
rip,4
risk,4
risky,4
rite,4
ritual,4
rival,4
roam,4
roar,4
roast,4
rock,4
rocket,4
rocky,4
roll,4
roommate,4
rosy,4
round,4
route,4
row,4
royalty,4
rub,4
rubble,4
rug,4
ruinous,4
rule,4
rural,4
rush hour,4
rusty,4
sack,4
safeguard,4
sag,4
sage,4
sail,4
salary,4
salesmanship,4
salesperson,4
saleswoman,4
salon,4
salsa,4
salty,4
sandstone,4
sanitary,4
sanitation,4
satisfactory,4
saving,4
savings,4
saw,4
say,4
scan,4
scandal,4
scar,4
scarcely,4
scarlet,4
scent,4
schedule,4
scheduled,4
scheme,4
scholasticism,4
schoolgirl,4
scientifically,4
scooter,4
scratch,4
screen,4
screw,4
scribble,4
scrooge,4
scuba,4
scythe,4
seal,4
seasonal,4
second person,4
secondary,4
secondly,4
sector,4
seesaw,4
segment,4
seldom,4
select,4
self-confidence,4
self-confident,4
selfless,4
seller,4
semi-final,4
semicolon,4
seminar,4
senator,4
sense,4
sensible,4
sensitive,4
sentence,4
separate,4
separately,4
serene,4
serial,4
servant,4
setback,4
sexism,4
sexual,4
sexy,4
shabby,4
shaken,4
Shakespearean,4
shaky,4
sharp,4
sharply,4
shatter,4
shell,4
shield,4
shift,4
shipping,4
shipwreck,4
shock,4
shooting,4
shopkeeper,4
shoplift,4
shoplifter,4
shoplifting,4
short-term,4
shortness,4
showbiz,4
showcase,4
shower,4
shrink,4
shrug,4
sigh,4
significantly,4
signify,4
silverware,4
simplification,4
simultaneous,4
since,4
sincere,4
sincerity,4
sister-in-law,4
skateboard,4
skateboarder,4
skilful,4
skilfully,4
skilled,4
skillful,4
skillfully,4
skip,4
skylark,4
skyward,4
slam,4
slang,4
slap,4
slash,4
slaughter,4
slice,4
slide,4
slight,4
sliver,4
sloppy,4
smash,4
smokestack,4
snap,4
sneak,4
sneer,4
sneeze,4
sniff,4
snore,4
snowball,4
so-called,4
soak,4
soaked,4
soaking,4
soar,4
sob,4
sociable,4
socialise,4
socialize,4
softness,4
soil,4
solar,4
solidity,4
solo,4
solvent,4
somewhat,4
son-in-law,4
sonnet,4
sophisticated,4
sort,4
sound,4
soundtrack,4
southward,4
Soviet,4
soybean,4
spa,4
span,4
spare,4
sparerib,4
spark,4
sparkling,4
sparrow,4
specialty,4
species,4
specifically,4
specify,4
spectacle,4
speeder,4
spellbound,4
spin,4
spite,4
splash,4
split,4
spokesman,4
spokeswoman,4
sponsor,4
spot,4
spray,4
spread,4
spreadsheet,4
sprint,4
spur,4
squad,4
squash,4
squeeze,4
stab,4
stability,4
stack,4
stain,4
stake,4
stammer,4
stamp,4
standard,4
standby,4
standstill,4
stanza,4
startle,4
starvation,4
starve,4
starving,4
state,4
statesman,4
statewide,4
statistics,4
steely,4
steer,4
steering wheel,4
stepfather,4
stepmother,4
stereotype,4
stern,4
stew,4
stick,4
stiff,4
stimulant,4
stimulate,4
stimulation,4
stingy,4
stink,4
stitch,4
stock market,4
stockpile,4
stonework,4
stool,4
stopover,4
stopwatch,4
store,4
straighten,4
straightforward,4
strain,4
strand,4
strangle,4
stress,4
strictly,4
stride,4
striking,4
strip,4
strive,4
stroke,4
struggle,4
stubbornly,4
stuff,4
stylist,4
subcontinent,4
subculture,4
subdivision,4
subjunctive,4
submit,4
subplot,4
subside,4
substance,4
substitute,4
subtitle,4
subtle,4
subtract,4
suburb,4
successive,4
suck,4
sue,4
suffering,4
sufficiently,4
suitably,4
sulfur,4
sunbeam,4
superb,4
superintendent,4
supernatural,4
supervise,4
supervision,4
supervisor,4
supplement,4
supplier,4
supply,4
suppress,4
surrender,4
surroundings,4
surveillance,4
suspect,4
suspend,4
suspicious,4
suspiciously,4
sustain,4
swan,4
sweep,4
swift,4
swing,4
syllable,4
symbolic,4
sympathetic,4
sympathise,4
sympathize,4
synonym,4
tablecloth,4
tabloid,4
tack,4
tackle,4
tag,4
tail,4
tame,4
tan,4
tanned,4
tap,4
tatter,4
tattoo,4
taunt,4
tease,4
teaspoon,4
technical,4
technically,4
telescope,4
temperate,4
temporarily,4
temptation,4
tender,4
tenderly,4
tenderness,4
terrace,4
terrifying,4
territory,4
test,4
testify,4
testimony,4
that,4
theme,4
theorist,4
therapist,4
therapy,4
thereafter,4
thermometer,4
thesis,4
thickly,4
thickness,4
thigh,4
thinker,4
third person,4
thirdly,4
thirst,4
thoroughly,4
though,4
thoughtful,4
thoughtless,4
thread,4
threaten,4
thrill,4
thrilled,4
thrilling,4
throat,4
tickle,4
tight,4
tightrope,4
time,4
timeless,4
timeliness,4
times,4
timing,4
tip,4
tiptoe,4
tiredness,4
tiresome,4
toenail,4
toil,4
tolerant,4
tolerate,4
toll,4
ton,4
torch,4
tortoiseshell,4
torture,4
tough,4
toxic,4
trace,4
track,4
trade,4
trader,4
trail,4
trailer,4
trainee,4
trainer,4
trait,4
traitor,4
tramp,4
trample,4
transcript,4
transfer,4
transfusion,4
transient,4
transistor,4
transition,4
transitive,4
translation,4
translator,4
transmission,4
transmit,4
transparent,4
transport,4
traverse,4
tray,4
treat,4
treaty,4
trek,4
tremendously,4
tremor,4
trial,4
triangle,4
tribe,4
trick,4
tricky,4
trio,4
trip,4
trivial,4
trolley,4
troop,4
trophy,4
tropic,4
troublesome,4
trunk,4
trust,4
trusty,4
truthful,4
truthfulness,4
tub,4
tuberculosis,4
tug,4
tuition,4
tulip,4
tumor,4
tumour,4
tunnel,4
turbulent,4
tutor,4
twinkle,4
twisted,4
typhoid,4
tyranny,4
tyrant,4
ultimate,4
ultimately,4
unacceptable,4
unashamedly,4
unattractive,4
unauthorised,4
unauthorized,4
unavailable,4
unaware,4
unbearable,4
unbeatable,4
unchanged,4
uncharacteristic,4
unclearly,4
uncomfortably,4
uncommon,4
unconcerned,4
unconscious,4
underestimate,4
undergraduate,4
underground,4
underneath,4
undersea,4
understandable,4
understanding,4
undertake,4
underwater,4
underwear,4
undoubtedly,4
undreamed,4
undressed,4
unease,4
uneasily,4
unenthusiastic,4
uneven,4
unfamiliar,4
unfashionable,4
unforeseen,4
ungodly,4
unhappiness,4
unhelpful,4
unimaginable,4
unimaginably,4
united,4
universal,4
unjustly,4
unkind,4
unlike,4
unlimited,4
unload,4
unlock,4
unmistakable,4
unmistakably,4
unnatural,4
unofficial,4
unpopular,4
unrealistic,4
unreasonable,4
unreliable,4
unrest,4
unsafe,4
unsatisfactory,4
unselfish,4
unstoppable,4
unsuccessful,4
unsuitable,4
unsure,4
untalented,4
unthinkably,4
untie,4
unto,4
untreated,4
untrimmed,4
unusualness,4
unwilling,4
unwise,4
unworldly,4
upbringing,4
update,4
upgrade,4
upright,4
upset,4
upside down,4
urban,4
urge,4
urgently,4
user,4
utilise,4
utterly,4
vacant,4
vaccine,4
valentine,4
valid,4
value,4
vanish,4
vanity,4
variation,4
varied,4
venue,4
verbal,4
verbally,4
verse,4
version,4
versus,4
very,4
veteran,4
vibrate,4
vibration,4
viewer,4
vigor,4
vigorous,4
vigorously,4
vigour,4
villa,4
villager,4
vinegar,4
violate,4
virtual reality,4
virtually,4
virtue,4
visibly,4
vital,4
vitamin,4
volunteer,4
vomit,4
voter,4
vow,4
wage,4
waist,4
waistcoat,4
wait,4
walkabout,4
walker,4
wallboard,4
walnut,4
want,4
warship,4
wartime,4
wasp,4
water,4
waterproof,4
weaken,4
weakly,4
wealthy,4
wearisome,4
weary,4
weave,4
wed,4
weed,4
welcome,4
welfare,4
well-balanced,4
well-built,4
well-organised,4
well-organized,4
well-paid,4
western,4
wheat,4
whereas,4
whichever,4
whip,4
whiskey,4
whisky,4
whisper,4
whistle,4
widen,4
widow,4
width,4
wilderness,4
will,4
willing,4
willingly,4
win,4
wind,4
winding,4
windshield,4
wink,4
wipe,4
wire,4
wit,4
withdraw,4
witness,4
witty,4
wolf,4
wondrous,4
woodcarving,4
wordlessly,4
workaholic,4
workbench,4
workman,4
worktable,4
worldly,4
worldview,4
worldwide,4
worm,4
worn out,4
worn-out,4
wornout,4
worrying,4
worse,4
worsen,4
worship,4
worst,4
worthless,4
wound,4
wreck,4
wrongly,4
X-ray,4
yacht,4
yawn,4
yearn,4
yell,4
yield,4
youthful,4
yummy,4
zebra,4
zip,4
zoom,4
aboard,5
abound,5
absolute,5
abstraction,5
accustomed,5
acidic,5
acoustic,5
acoustically,5
acoustics,5
acre,5
acutely,5
adjoin,5
adjoining,5
adjustable,5
adrenaline,5
adversary,5
advisory,5
aesthetic,5
aesthetically,5
agonize,5
agreeable,5
aimless,5
aimlessly,5
alienate,5
align,5
alignment,5
allegation,5
allege,5
alleviate,5
altruism,5
altruistic,5
amateur,5
amid,5
amplification,5
amply,5
anchor,5
anchored,5
angle,5
animatedly,5
anthropologist,5
anthropology,5
anticlimactic,5
antics,5
antiquated,5
antiquity,5
appal,5
appall,5
appalling,5
appallingly,5
appliance,5
apprehensive,5
apprenticeship,5
apt,5
apt to,5
aqua,5
aquarium,5
artistically,5
assertion,5
astray,5
atmospheric,5
automatic,5
automatically,5
avid,5
awe,5
bald,5
baldly,5
batter,5
battered,5
battery,5
bearded,5
beforehand,5
beguiling,5
beguilingly,5
behind,5
believably,5
benign,5
benignly,5
bequeath,5
billiards,5
blankness,5
bliss,5
blister,5
blithely,5
blockbuster,5
bloom,5
boast,5
bouquet,5
brainwash,5
brainwashing,5
bribe,5
bribery,5
bubbly,5
buffer,5
buffoon,5
bulk,5
bulk up,5
bulky,5
bureaucratic,5
bureaucratically,5
burst,5
buzzer,5
bypass,5
calf,5
calorie,5
campaign,5
candid,5
candidly,5
canoe,5
carpenter,5
carpentry,5
carrier,5
cast,5
cavity,5
ceaseless,5
ceaselessly,5
cessation,5
chaotically,5
characterisation,5
characterization,5
chart,5
charter,5
chauffer,5
chill,5
chilly,5
chisel,5
chiselled,5
churn,5
circulate,5
circulation,5
citation,5
cite,5
clammy,5
clan,5
class,5
classy,5
claustrophobia,5
claustrophobic,5
cleanly,5
clench,5
cleverness,5
climactic,5
climax,5
clinical,5
cloak,5
closeness,5
clutch,5
clutter,5
collaborate,5
collaboration,5
collaborative,5
collaborator,5
commend,5
commendation,5
commercially,5
compel,5
complementary,5
complexity,5
compliance,5
compliant,5
compliantly,5
complimentary,5
comply,5
comprise,5
compromised,5
compulsion,5
con,5
conceivable,5
conceive,5
concerto,5
concur,5
condition,5
conditional,5
conditionally,5
confide,5
confinement,5
conform,5
conformity,5
congregate,5
conjure,5
connoisseur,5
conscientious,5
conscientiously,5
conservatory,5
conserve,5
constraint,5
consultancy,5
consultation,5
contest,5
contested,5
continuity,5
contract,5
contractor,5
convict,5
conviction,5
convoluted,5
corps,5
cost-effective,5
coupled,5
coverage,5
craft,5
crave,5
craving,5
creamy,5
credential,5
credibility,5
credible,5
credibly,5
criteria,5
crude,5
crudely,5
crumb,5
crumble,5
customary,5
cynic,5
cynical,5
cynically,5
cynicism,5
damply,5
darkroom,5
daydream,5
debut,5
deceit,5
degradation,5
degrade,5
degrading,5
demise,5
demo,5
demographic,5
demographically,5
demography,5
demolition,5
dependent,5
depict,5
depiction,5
descent,5
desert,5
desertion,5
detest,5
detestable,5
detriment,5
detrimental,5
detrimentally,5
detritus,5
devotee,5
digitalisation,5
digitalise,5
digitalization,5
digitalize,5
discard,5
discourse,5
disdain,5
disillusionment,5
dislodge,5
dismal,5
dismally,5
dismay,5
dispensable,5
dispensary,5
dispense,5
disquieting,5
dissect,5
dissection,5
dither,5
diverge,5
divergence,5
divergent,5
diversity,5
docile,5
docilely,5
domestically,5
domesticate,5
domestication,5
dominant,5
dominantly,5
domination,5
dramatist,5
drawback,5
drill,5
drive,5
durable,5
duration,5
dutiful,5
dutifully,5
dynamically,5
eccentric,5
eccentrically,5
eclectic,5
eclectically,5
ecstasy,5
ecstatic,5
ecstatically,5
effortless,5
ego,5
elaborate,5
elaboration,5
elastic,5
elevate,5
elevation,5
elitist,5
elongate,5
elude,5
elusive,5
embark,5
endorsement,5
engineer,5
engross,5
engrossing,5
enormously,5
enterprising,5
enviable,5
estimation,5
ethical,5
ethically,5
evoke,5
ewe,5
exert,5
exhaust,5
exhilarate,5
exhilarating,5
exhilaration,5
exodus,5
exotic,5
exotically,5
expedite,5
expedition,5
expire,5
explanatory,5
exploit,5
exploitation,5
explosively,5
exterior,5
extortion,5
extravagance,5
exuberance,5
exuberant,5
exuberantly,5
fabulously,5
facial,5
facilitation,5
faction,5
fanatic,5
fanatically,5
fanciful,5
farce,5
fatality,5
fatigue,5
favorably,5
favourably,5
ferocious,5
ferociously,5
fiddle,5
fiddler,5
fiddly,5
fiend,5
fiendish,5
fiendishly,5
fiercely,5
firewall,5
firm,5
fissure,5
fit,5
fixture,5
flashback,5
flask,5
flatter,5
flattery,5
flick,5
flicker,5
flourish,5
folktale,5
forensic,5
forfeit,5
formality,5
formulate,5
fossil,5
fraction,5
fragmentation,5
frost,5
frostily,5
frosty,5
fuse,5
fusion,5
gadget,5
gamely,5
gape,5
gem,5
genome,5
geological,5
geologically,5
ghostly,5
gig,5
glean,5
glum,5
glumly,5
gnaw,5
goose,5
gourmet,5
grapefruit,5
ground,5
grounds,5
gruelling,5
gruesome,5
gruesomely,5
gush,5
gushing,5
gushingly,5
gusto,5
gutsy,5
gypsy,5
hack,5
haggle,5
hanging,5
harass,5
harassment,5
harbor,5
harbour,5
harvest,5
headstrong,5
hedgehog,5
heifer,5
heighten,5
hence,5
heroine,5
hibernate,5
hibernation,5
homely,5
honk,5
hostess,5
hostile,5
hostility,5
house,5
humble,5
hypocrisy,5
hypocrite,5
hypocritical,5
hypocritically,5
immense,5
immensely,5
immortalize,5
imp,5
impede,5
impediment,5
imperative,5
impersonal,5
impersonally,5
impersonate,5
impersonation,5
impersonator,5
impervious,5
impish,5
impishly,5
implicate,5
impoverished,5
incision,5
incisor,5
inclusion,5
inclusive,5
inclusively,5
indefinite,5
indefinitely,5
indispensable,5
individuality,5
induct,5
induction,5
inexcusable,5
inexcusably,5
inexhaustible,5
inexplicable,5
inexplicably,5
ingenious,5
ingenuity,5
inherent,5
inherently,5
inheritance,5
injustice,5
innovate,5
innovation,5
innovative,5
insecure,5
insecurely,5
insensitive,5
insensitively,5
insightful,5
insightfully,5
instinctive,5
instinctively,5
institute,5
insubordinate,5
insubordinately,5
insubordination,5
integral,5
intellect,5
interject,5
interjection,5
intuit,5
intuition,5
intuitive,5
intuitively,5
invoice,5
irate,5
irately,5
irony,5
isolate,5
isolated,5
itinerary,5
jersey,5
jog,5
jurisdiction,5
justly,5
juvenile,5
knowledgeable,5
lackluster,5
lacklustre,5
landscape,5
lap,5
lapse,5
latent,5
launch,5
lavatory,5
legacy,5
lethargic,5
lethargically,5
lethargy,5
liaison,5
likelihood,5
limitless,5
linear,5
linearly,5
lodge,5
loom,5
ludicrous,5
ludicrously,5
lust,5
macabre,5
magnetic,5
magnetically,5
magnetism,5
malfunction,5
man,5
manicure,5
manipulation,5
marginal,5
marginally,5
mark-up,5
maternal,5
maternalistic,5
meaningless,5
meaninglessly,5
mechanism,5
methodical,5
midwife,5
mingle,5
minutiae,5
misplace,5
monotonous,5
monotonously,5
monotony,5
motley,5
mountaineer,5
munch,5
muscular,5
mutually,5
mythological,5
mythology,5
naive,5
naively,5
naivety,5
naturalness,5
nature,5
neglectful,5
negligent,5
negligently,5
negligible,5
neutralisation,5
neutralise,5
neutralization,5
neutralize,5
niche,5
nocturnal,5
nondescript,5
norms,5
notable,5
notwithstanding,5
numb,5
oblige,5
obscure,5
obscurely,5
occupant,5
occupational,5
oddity,5
offspring,5
orchard,5
ordinarily,5
organizational,5
ornamental,5
orphan,5
otter,5
outset,5
overalls,5
overdraft,5
oversee,5
overseer,5
pace,5
paddle,5
panorama,5
panoramic,5
parasite,5
paternal,5
paternalistic,5
pathos,5
paywall,5
peacock,5
peasant,5
pedicure,5
pendulous,5
pendulum,5
peninsula,5
perceptive,5
perceptively,5
perfect,5
perpetuate,5
persecute,5
persecution,5
personalisation,5
personalise,5
personalization,5
personalize,5
personification,5
persuasively,5
pertain to,5
pertinent,5
phenomenal,5
phenomenally,5
physicality,5
physique,5
pigeon,5
pinnacle,5
pioneer,5
placid,5
placidly,5
plague,5
plaque,5
plaster,5
plausibility,5
plausible,5
plausibly,5
pleasurable,5
ploy,5
plumbing,5
plummet,5
plunge,5
poetess,5
popularization,5
portable,5
portray,5
portrayal,5
pose,5
possessor,5
pounce,5
preach,5
preacher,5
precision,5
premier,5
premise,5
premises,5
primitively,5
principally,5
privileged,5
profess,5
professionalism,5
profound,5
profoundly,5
prohibitive,5
prohibitively,5
prolific,5
prolifically,5
prop,5
prophet,5
prophetic,5
prospective,5
protagonist,5
provisions,5
provocative,5
provocatively,5
provoke,5
prowl,5
psyche,5
psychiatric,5
psychiatrist,5
pupil,5
purity,5
puzzle,5
quarry,5
query,5
quest,5
quip,5
quirky,5
radiator,5
rally,5
rapport,5
rarity,5
raunchily,5
raunchy,5
readable,5
realism,5
realist,5
reap,5
reassurance,5
reassure,5
recall,5
recess,5
recessive,5
recharge,5
recite,5
recognisable,5
recognisably,5
recognizable,5
recognizably,5
recollection,5
rediscover,5
reenact,5
refresh,5
refreshing,5
refreshingly,5
refurbish,5
refurbishment,5
relapse,5
reluctantly,5
remedial,5
reminisce,5
reminiscent,5
remorse,5
remorsefully,5
remorseless,5
remorselessly,5
remotely,5
removed,5
render,5
rendering,5
renown,5
repel,5
repellant,5
repertory,5
resent,5
resilience,5
resilient,5
resonate,5
resort,5
respite,5
restoration,5
restorative,5
retention,5
retrace,5
revealing,5
revere,5
rich,5
riveting,5
robust,5
robustly,5
rotate,5
roundup,5
rudimentary,5
rudiments,5
rumble,5
rustle,5
ruthless,5
ruthlessness,5
sacrifice,5
salivate,5
saloon,5
salvage,5
salvation,5
salve,5
sanctity,5
sap,5
sarcasm,5
sarcastic,5
sarcastically,5
sauna,5
scathing,5
scenario,5
scoff,5
scorn,5
scornful,5
scornfully,5
scramble,5
screenplay,5
screenwriter,5
scrutinise,5
scrutinize,5
scrutiny,5
sedate,5
sedentary,5
seedling,5
self-conscious,5
self-worth,5
sentient,5
sentiment,5
sentimental,5
sentimentally,5
sequel,5
settee,5
shambles,5
shed,5
shortlist,5
showy,5
signal,5
silhouette,5
simplicity,5
sketch,5
sketchbook,5
slack,5
slackly,5
slob,5
smug,5
smugly,5
snail,5
snooze,5
socialization,5
somber,5
somberly,5
sombre,5
sombrely,5
somersault,5
spacious,5
spartan,5
specification,5
specimen,5
speculate,5
speculation,5
speculative,5
splatter,5
sponsorship,5
spontaneous,5
spontaneously,5
sprawl,5
sprout,5
squander,5
staccato,5
stagger,5
staggering,5
stamina,5
staple,5
startling,5
startlingly,5
stately,5
stiffen,5
stimuli,5
stock,5
stoke,5
strap,5
strapping,5
stray,5
stressfully,5
stretching,5
structural,5
structurally,5
stuffily,5
stuffiness,5
stuffy,5
stylistic,5
stylistically,5
subordinate,5
substantially,5
subtly,5
suburban,5
suburbia,5
succession,5
succulent,5
succulently,5
suds,5
suffice,5
suitor,5
superficial,5
superficially,5
supple,5
suspension,5
sustainable,5
sustainably,5
swap,5
symptomatic,5
synopsis,5
synthetic,5
synthetically,5
tact,5
tactful,5
tactfully,5
tailor,5
talkative,5
tangle,5
tangled,5
tantrum,5
tastebud,5
taut,5
tautly,5
tedious,5
tediously,5
telltale,5
temperament,5
temperamental,5
temperamentally,5
terrain,5
testament,5
thereby,5
till,5
timid,5
tinker,5
tomb,5
tone,5
torment,5
torturous,5
toughness,5
tract,5
trampoline,5
tranquil,5
tranquility,5
transatlantic,5
transfix,5
transit,5
trauma,5
traumatic,5
tread,5
trying,5
tune,5
turmoil,5
turn to ,5
twitch,5
tycoon,5
unassisted,5
unconventional,5
unconvincing,5
unconvincingly,5
undaunted,5
unenviable,5
unenviably,5
uneventful,5
uniformity,5
uninspiring,5
unison,5
unmanageable,5
unmanned,5
unmusical,5
unmusically,5
unoccupied,5
unplug,5
unreliably,5
unscathing,5
unsettle,5
unsettling,5
unsustainable,5
unsustainably,5
untangle,5
untangled,5
unwavering,5
unwaveringly,5
upheaval,5
usher,5
utensil,5
vegetation,5
venerate,5
veneration,5
ventilate,5
ventilation,5
verandah,5
verdict,5
versatile,5
versatility,5
vertical,5
verve,5
vicious,5
viciously,5
victorious,5
victoriously,5
violet,5
vitality,5
voice,5
voluntarily,5
voluntary,5
voracious,5
voraciously,5
wares,5
wary,5
washtub,5
waterfront,5
wayside,5
whilst,5
wicked,5
wickedly,5
wing,5
withdrawal,5
withdrawn,5
wizened,5
woo,5
wooded,5
wrangle,5
wrench,5
wry,5
wryly,5
zany,5
aberration,6
abhor,6
abhorrent,6
abhorrently,6
abject,6
abolish,6
abundance,6
abundant,6
abundantly,6
accessibility,6
accountability,6
accrue,6
acreage,6
acrobatic,6
acrobatically,6
acrobatics,6
ad lib,6
ad-lib,6
additive,6
adept,6
adhere,6
adhesion,6
adorn,6
adornment,6
adulterate,6
advantageous,6
adverse,6
adversely,6
affectation,6
agency,6
aghast,6
agile,6
agility,6
all-encompassing,6
allegorical,6
allegory,6
allot,6
allotment,6
allude,6
allusion,6
ally,6
amorphous,6
amorphously,6
anarchic,6
angst,6
angsty,6
angular,6
angularity,6
annex,6
anonymity,6
antediluvian,6
anthology,6
anthropological,6
anthropologically,6
anticlimactically,6
antidote,6
antithesis,6
antithetical,6
apostle,6
apprehend,6
apprentice,6
aptitude,6
arcane,6
arcanely,6
archetypal,6
archetype,6
archival,6
ardor,6
ardour,6
arduous,6
arduously,6
armory,6
armoury,6
articulate,6
articulation,6
artifact,6
artifice,6
assimilate,6
assimilation,6
astringent,6
athleticism,6
attainment,6
attributive,6
attrition,6
attuned,6
audit,6
austere,6
austerely,6
austerity,6
authenticity,6
automate,6
autonomous,6
autonomously,6
autopilot,6
averse,6
avian,6
axiom,6
axiomatic,6
babble,6
banish,6
banishment,6
barometer,6
baroque,6
bauble,6
behest,6
belligerence,6
belligerent,6
beneficiary,6
bereft,6
bereftly,6
besiege,6
blandishment,6
blight,6
blitz,6
blubber,6
blubbery,6
blurb,6
bogus,6
bona fide,6
bout,6
brandish,6
breadwinner,6
brevity,6
brief,6
brim,6
brimstone,6
brink,6
brood,6
brouhaha,6
buccaneer,6
buffoonery,6
burgeoning,6
buzzard,6
caffeinate,6
calamitous,6
calamitously,6
calamity,6
callous,6
callously,6
calorific,6
capacious,6
carbonise,6
carbonize,6
cascade,6
catastrophic,6
catastrophically,6
cay,6
centralised,6
centralized,6
choreographical,6
choreography,6
chronological,6
chronologically,6
chronology,6
chrysalis,6
cinematographer,6
cinematography,6
circuit,6
circumnavigate,6
circumnavigation,6
clinch,6
cloister,6
cloistered,6
coax,6
cocoon,6
cogent,6
cogently,6
cognitive,6
collide,6
collider,6
colloquial,6
colloquially,6
colloquium,6
combustion,6
commensurate,6
commensurately,6
commission,6
commode,6
commodity,6
compellingly,6
computerise,6
computerize,6
conciliation,6
conciliatory,6
concurrence,6
condensation,6
condone,6
conduit,6
confabulate,6
confabulation,6
confection,6
confrontational,6
confrontationally,6
conglomerate,6
conjecture,6
connotation,6
connote,6
consign,6
consignment,6
consternation,6
constrained,6
contagion,6
contemptuous,6
contemptuously,6
contextual,6
contextually,6
contractual,6
contractually,6
contraption,6
contrive,6
converse,6
cordon,6
corpse,6
corpus,6
correlate,6
correlation,6
cosmic,6
cosset,6
counsel,6
counterproductive,6
counterproductively,6
crippling,6
crony,6
crystallisation,6
crystallise,6
crystallization,6
crystallize,6
cull,6
cultish,6
curate,6
curator,6
curriculum,6
dampen,6
daunt,6
daunting,6
deaden,6
decentralise,6
decentralize,6
declination,6
deficient,6
deficiently,6
deficit,6
deliberate,6
delicatessen,6
demystification,6
demystify,6
denotation,6
denote,6
denounce,6
denunciation,6
depraved,6
depravity,6
deprecate,6
deprecatingly,6
depressive,6
deprivation,6
derelict,6
derision,6
derisive,6
derisively,6
deterrent,6
detract,6
deviant,6
deviantly,6
diffuse,6
diligence,6
diligent,6
diligently,6
diminish,6
disdainful,6
disparage,6
disparagement,6
disparaging,6
disparagingly,6
dispersal,6
disperse,6
dissemble,6
disseminate,6
dissemination,6
dissension,6
distill,6
distillation,6
dive,6
divination,6
dole out,6
domesticity,6
drabness,6
dribble,6
drudgery,6
dubiously,6
dwarf,6
dwarfism,6
ebb,6
eccentricity,6
echo,6
echolocate,6
echolocation,6
economise,6
economize,6
ecotourism,6
edification,6
edifice,6
edify,6
egalitarian,6
eke out,6
elasticity,6
elated,6
elation,6
electrode,6
elephantine,6
embed,6
embodiment,6
embody,6
eminence,6
eminent,6
emolument,6
emulate,6
emulation,6
emulsification,6
emulsifier,6
emulsify,6
enabler,6
encompass,6
encumber,6
encumbrance,6
enduringly,6
engender,6
enthuse,6
envisage,6
ephemera,6
ephemeral,6
ephemerality,6
epoxy,6
equable,6
equilibrium,6
etch,6
etching,6
ethos,6
euphemism,6
euphemistic,6
euphemistically,6
euphoria,6
euphoric,6
euphorically,6
evokingly,6
exact,6
exalted,6
exaltedly,6
exhibitionist,6
exorcism,6
exorcist,6
extant,6
extracurricular,6
exude,6
fabled,6
fabricate,6
fabrication,6
fabulate,6
fabulation,6
facsimile,6
fallacy,6
familiarise,6
familiarize,6
farcical,6
feign,6
ferocity,6
fete,6
figurative,6
figuratively,6
flagging,6
flatout,6
flightiness,6
flighty,6
flit,6
floe,6
floodgates,6
fluctuate,6
fluctuation,6
forfeiture,6
forlorn,6
forlornly,6
formidable,6
formidably,6
fractious,6
frolic,6
fruition,6
gale,6
gambit,6
gauche,6
genomic,6
genomically,6
glint,6
glitz,6
glitzy,6
glory in,6
gout,6
graft,6
gravitate,6
gravitational,6
gravitationally,6
grievance,6
grumble,6
habitation,6
hamper,6
haphazard,6
haphazardly,6
hapless,6
happenstance,6
haughtily,6
haughty,6
hauntingly,6
haven,6
hazard,6
headmistress,6
helm,6
herald,6
hermetic,6
hermit,6
hinder,6
hindrance,6
hindsight,6
histrionic,6
histrionically,6
hitch,6
hitherto,6
hoist,6
homestead,6
hotelier,6
hover,6
huddle,6
hull,6
hypnotherapy,6
hypothesis,6
hypothesize,6
hypothetical,6
hysteria,6
hysterical,6
hysterically,6
idiomatic,6
idiomatically,6
idiosyncrasy,6
idiosyncratic,6
idle,6
ignominious,6
ignominiously,6
impeccable,6
impeccably,6
imperceptible,6
imperceptibly,6
imposition,6
impresario,6
impressionistic,6
impressionistically,6
improvisational,6
inartistic,6
inchoate,6
inchoately,6
incipient,6
incise,6
incongruity,6
incongruous,6
incongruously,6
incumbent,6
indignant,6
indignantly,6
indiscrete,6
indiscretion,6
individualism,6
indolence,6
indolent,6
indolently,6
induce,6
inducement,6
indulge,6
indulgence,6
indulgently,6
inert,6
inexorability,6
inexorable,6
inexorably,6
infallibility,6
infallible,6
infallibly,6
infernal,6
infernally,6
informant,6
ingenuous,6
ingenuously,6
ingrate,6
ingratiate,6
ingratiating,6
ingratiatingly,6
innuendo,6
inscrutable,6
instantaneous,6
instantaneously,6
insular,6
integration,6
interlocking,6
interlude,6
intermediary,6
interrogate,6
interrogation,6
interrogative,6
interrogatively,6
intersperse,6
interweave,6
intrinsic,6
intrinsically,6
ironic,6
irrelevancy,6
irrevocable,6
irrevocably,6
jargon,6
jarring,6
kinetic,6
kinetically,6
knack,6
lament,6
lamentation,6
lark,6
laryngitis,6
lassitude,6
laud ,6
laudatory,6
leaven,6
leavening,6
legion,6
liaise,6
locomotion,6
locomotive,6
loiter,6
lurid,6
luridly,6
lyrical,6
lyrically,6
lyricist,6
maelstrom,6
maggot,6
magnanimity,6
magnanimous,6
magnanimously,6
magnate,6
magpie,6
malice,6
malicious,6
maliciously,6
malleability,6
malleable,6
maneuver,6
mangle,6
manoeuvre,6
mariner,6
marketability,6
marvel,6
materialisation,6
materialise,6
materialism,6
materialistic,6
materialization,6
materialize,6
maverick,6
meager,6
meagre,6
mediate,6
mediation,6
mediocrity,6
melancholy,6
melodious,6
melodiously,6
menace,6
menacing,6
menacingly,6
menial,6
mercantile,6
mercenary,6
mere,6
merger,6
merit,6
mesh,6
mesmeric,6
metalled,6
meteorological,6
meteorology,6
methodological,6
methodologically,6
methodology,6
meticulous,6
meticulously,6
midwifery,6
mien,6
milieu,6
minefield,6
minster,6
misdemanour,6
misdemeanor,6
modernism,6
mold,6
monastic,6
moor,6
moribund,6
mottled,6
mould,6
mull over,6
mundanity,6
munificence,6
muscle-bound,6
mutinous,6
mutinously,6
myriad,6
mystique,6
nascent,6
neophyte,6
nigh,6
nonchalant,6
nonchalantly,6
nostalgia,6
nostalgic,6
nostalgically,6
notoriety,6
notorious,6
notoriously,6
oblique,6
octogenarian,6
opacity,6
opaque,6
opulence,6
opulent,6
opulently,6
ordain,6
ore,6
ornate,6
ostensible,6
ostensibly,6
outmoded,6
outpatient,6
overlay,6
painstaking,6
painstakingly,6
palatable,6
palate,6
parable,6
paradoxical,6
paradoxically,6
paralyse,6
paralysingly,6
paralysis,6
paralyze,6
paralyzingly,6
parameter,6
paramount,6
parasitic,6
parochial,6
patchily,6
patchy,6
patronise,6
patronising,6
patronisingly,6
patronize,6
patronizing,6
patronizingly,6
pedestal,6
pedestrian,6
perch,6
pervasive,6
pervasiveness,6
perverse,6
perversity,6
phantom,6
phase,6
philanthropic,6
philanthropically,6
philanthropist,6
philanthropy,6
philistine,6
physiological,6
physiologically,6
plane,6
pluck,6
plum,6
plumage,6
plume,6
plutocrat,6
poise,6
polysyllabic,6
ponderous,6
ponderously,6
porten,6
portraiture,6
posit,6
posterity,6
postural,6
posture,6
posturing,6
practitioner,6
precocious,6
precociously,6
preconception,6
predecessor,6
predilection,6
preeminent,6
preoccupation,6
preoccupy,6
prescriptive,6
presentational,6
preservationist,6
pressurization,6
pressurize,6
presuppose,6
presupposition,6
primeval,6
prise,6
prissy,6
procedural,6
profitability,6
proliferate,6
proliferation,6
prolong,6
promenade,6
promotable,6
prone,6
proportional,6
proportionally,6
proposition,6
proprietary,6
proprietorial,6
proscribe,6
proscription,6
prostrate,6
protrude,6
protrusion,6
proverbial,6
provincial,6
provocation,6
proximal,6
prurience,6
prurient,6
punctual,6
punctuality,6
punitive,6
punitively,6
puritanical,6
pyre,6
qualitative,6
qualm,6
quirk,6
quiver,6
rapture,6
rapturous,6
rapturously,6
ravish,6
rebound,6
rebuke,6
recitation,6
recluse,6
reclusive,6
reconcile,6
reconciliation,6
recourse,6
recumbent,6
recuperate,6
recuperation,6
recuperative,6
redundancy,6
redundant,6
redundantly,6
regulatory,6
reissue,6
relegate,6
relinquish,6
remit,6
remittance,6
remonstrance,6
remonstrate,6
remorseful,6
repose,6
reproach,6
reptilian,6
repute,6
requisition,6
residual,6
residue,6
resin,6
resound,6
resounding,6
resoundingly,6
resuscitate,6
resuscitation,6
retrospect,6
retrospection,6
retrospective,6
revelatory,6
reverb,6
reverberate,6
reverberation,6
revile,6
revulsion,6
rhetoric,6
rhetorical,6
rhetorically,6
rickety,6
rife,6
rift,6
romp,6
romper,6
ruminant,6
ruminate,6
rumination,6
ruminative,6
salivary,6
sandwiched,6
scavenger,6
scholarly,6
scroll,6
secular,6
secularly,6
secure,6
sedately,6
seedy,6
seismic,6
selectivity,6
self-aggrandisement,6
self-aggrandizement,6
shamble,6
sheaf,6
shimmer,6
shoal,6
side-step,6
singe,6
skew,6
skim,6
slab,6
slither,6
smattering,6
snippet,6
snobbery,6
solicit,6
soliloquize,6
soliloquy,6
solipsism,6
solitariness,6
solitary,6
solitude,6
spatial,6
spatially,6
spire,6
splinter,6
spontaneity,6
spurious,6
spuriously,6
squint,6
squirm,6
squirmy,6
stabilise,6
stabilize,6
standing,6
sterility,6
stipulate,6
stipulation,6
stoicism,6
strait,6
stratosphere,6
stringent,6
stringently,6
stultify,6
stultifyingly,6
subsidize,6
subsidy,6
subsist,6
subsistence,6
substantiate,6
succeed,6
succumb,6
suffuse,6
sulphur,6
sulphuric,6
summarily,6
superfluous,6
superfluously,6
surge,6
surrealism,6
surrealist,6
surreptitious,6
surreptitiously,6
swivel,6
syllabic,6
synthesis,6
tacit,6
tacitly,6
taciturn,6
taciturnity,6
tactic,6
tactical,6
tactically,6
tactile,6
tantalise,6
tantalisingly,6
tantalize,6
tantalizingly,6
tantamount,6
taste-maker,6
tedium,6
teem,6
telescopic,6
telescopically,6
temper,6
tenacious,6
tenaciously,6
tenacity,6
testimonial,6
tetchy,6
thicket,6
timidity,6
topographical,6
topographically,6
topography,6
topple,6
torrential,6
totemic,6
totter,6
tranquilise,6
tranquilize,6
transmitter,6
treacherous,6
treacherously,6
treachery,6
trifle,6
truism,6
turret,6
unadulterated,6
uncanny,6
undemonstrative,6
undemonstratively,6
undiminishing,6
unencumbered,6
unequivocal,6
unequivocally,6
unexceptional,6
unexceptionally,6
unexcused,6
unfeasible,6
unfeasibly,6
unharried,6
unmediated,6
unnerve,6
unnerving,6
unnervingly,6
unobtrusive,6
unobtrusively,6
unobtrusiveness,6
unpromising,6
unravel,6
unsurpassed,6
unsuspected,6
utilisation,6
utilitarian,6
utility,6
utilization,6
utilize,6
utter,6
vandal,6
vandalize,6
venomous,6
venomously,6
venture,6
verbatim,6
verily,6
verisimilitude,6
veritable,6
vermin,6
vestigial,6
vestigially,6
vicinity,6
vindicate,6
vindication,6
virginal,6
virtuosity,6
virtuoso,6
vis-a-vis,6
vocalist,6
vocational,6
voracity,6
vortex,6
wallow,6
wane,6
wax,6
wayward,6
wheeze,6
whir,6
whirlwind,6
wholly,6
wistful,6
wistfully,6
wither,6
wordage,6
wordsmith,6
wrack,6
zoologist,6
zoology,6
